Company,weighted_score,l_score,w_score,ESG,GENDER EQUALITY,VOLLEYBALL
COCA-COLA ITALIA SRL,2.29,3.0,0.64,0.38,1.48,0.32
ITALMATCH CHEMICALS S.P.A.,2.24,2.2,2.32,0.56,0.0,0.72
WOLTERS KLUWER ITALIA S.R.L.,1.39,1.39,1.39,1.55,0.28,0.13
VITERRA ITALY S.R.L.,1.11,1.41,0.41,1.71,0.0,0.14
ZANOTTA S.P.A.,1.09,1.54,0.04,2.0,0.0,0.0
RHENUS LOGISTICS S.P.A.,1.04,0.87,1.42,0.19,0.25,0.82
REPOWER ITALIA S.P.A.,1.01,1.16,0.68,1.52,0.0,0.24
BRACCO IMAGING S.P.A.,0.99,0.64,1.8,1.55,0.32,0.12
ENI PLENITUDE S.P.A. SOCIETA' BENEFIT,0.97,1.0,0.9,1.25,0.06,0.35
MEDIAMARKET SPA,0.93,1.09,0.56,0.11,0.98,0.62
JUNGHEINRICH ITALIANA SRL,0.92,0.87,1.05,0.76,0.34,0.51
SNAITECH S.P.A.,0.92,0.39,2.14,0.56,0.0,0.72
"EY S.P.A., PER ESTESO ANCHE ERNST & YOUNG S.P.A.",0.91,0.91,0.9,1.14,0.58,0.24
DS SMITH HOLDING ITALIA S.P.A.,0.9,0.0,3.0,1.87,0.04,0.05
"IN SPORT S.R.L. SOCIETA' SPORTIVA DILETTANTISTICA IN BREVE DENO MINATA IN
SPORT S.R.L. S.S.D.",0.9,0.0,3.0,0.0,0.05,0.98
HENKEL ITALIA S.R.L.,0.88,1.0,0.6,1.43,0.74,0.04
SAINT-GOBAIN ITALIA S.P.A.,0.88,0.29,2.25,1.57,0.0,0.22
IKEA ITALIA RETAIL S.R.L.,0.87,0.8,1.05,1.34,0.68,0.1
S.A.P. ITALIA SISTEMI APPLICAZIONI PRODOTTI IN DATA PROCESSING S.P.A.,0.87,1.13,0.26,0.11,0.73,0.7
PIRELLI TYRE SPA,0.82,0.94,0.52,0.62,0.05,0.67
"INFRASTRUTTURE WIRELESS ITALIANE S.P.A. O, IN FORMA ABBREVIATA, INWIT S.P.A.",0.81,0.86,0.71,1.61,0.0,0.2
DECATHLON PRODUZIONE ITALIA S.R.L.,0.78,0.68,1.01,0.04,0.0,0.98
ITT ITALIA S.R.L.,0.78,1.04,0.15,1.11,0.0,0.44
SORGENIA PUGLIA S.P.A.,0.78,0.9,0.49,1.08,0.46,0.31
METRO ITALIA S.P.A.,0.76,0.94,0.34,1.0,0.41,0.36
SAIF S.P.A.,0.75,0.0,2.51,1.41,0.0,0.29
EMERSON PROCESS MANAGEMENT S.R.L.,0.75,0.78,0.68,1.42,0.2,0.22
AXSE SRL,0.72,0.0,2.4,0.74,0.0,0.63
ADAMANT BIONRG S.R.L.,0.72,0.65,0.86,1.07,0.0,0.46
ZAMBON S.P.A.,0.66,0.9,0.11,0.12,1.73,0.37
ABB S.P.A.,0.66,0.62,0.75,0.82,0.0,0.59
WIND TRE S.P.A.,0.64,0.9,0.04,0.28,0.57,0.67
PIAZZA ITALIA S.P.A.,0.64,0.77,0.34,0.09,0.6,0.76
PREGIS S.P.A.,0.64,0.19,1.69,1.7,0.06,0.13
SISAL ENTERTAINMENT S.P.A.,0.62,0.74,0.34,0.81,0.86,0.31
SAGAM S.P.A.,0.6,0.0,1.99,0.0,0.0,1.0
FACEBOOK ITALY S.R.L.,0.59,0.78,0.15,0.17,0.2,0.85
2I RETE GAS S.P.A.,0.59,0.64,0.49,0.95,0.0,0.53
SALMOIRAGHI S.P.A.,0.59,0.0,1.95,0.89,0.0,0.56
EASTMAN ITALIA S.R.L.,0.57,0.0,1.91,1.74,0.0,0.13
SEPHORA ITALIA S.R.L.,0.57,0.75,0.15,0.14,0.0,0.93
FOMAS HOP S.P.A.,0.57,0.78,0.08,0.45,0.0,0.77
MET ENERGIA ITALIA S.P.A.,0.57,0.64,0.41,1.03,0.35,0.37
BORGWARNER MORSE SYSTEMS ITALY S.R.L.,0.56,0.72,0.19,0.68,0.66,0.44
INTERCOS S.P.A.,0.56,0.67,0.3,1.19,0.24,0.32
ENI REWIND S.P.A.,0.56,0.23,1.31,1.6,0.25,0.11
MONDADORI LIBRI S.P.A.,0.55,0.0,1.84,1.67,0.27,0.08
AMSA AZIENDA MILANESE SERVIZI AMBIENTALI SPA IN FORMA ABBREVIATA AMSA SPA,0.55,0.62,0.38,1.75,0.16,0.07
A2A ENERGIEFUTURE S.P.A.,0.54,0.42,0.82,1.14,0.21,0.36
STILSCREEN - S.R.L.,0.54,0.0,1.8,0.36,0.0,0.82
ALDIERI AUTOTRASPORTI S.P.A.,0.54,0.0,1.8,0.42,0.0,0.79
BRUGOLA COMMERCIALE SPA,0.54,0.3,1.09,1.11,0.16,0.39
MARELLI SUSPENSION SYSTEMS ITALY S.P.A.,0.54,0.46,0.71,0.58,0.26,0.62
INSTRUMENTATION LABORATORY S.P.A.,0.54,0.65,0.26,0.8,0.2,0.53
ASTRAZENECA S.P.A.,0.54,0.65,0.26,0.46,0.66,0.55
L'OREAL ITALIA S.P.A.,0.53,0.3,1.05,0.76,1.35,0.17
DUSSMANN SERVICE S.R.L.,0.52,0.13,1.42,1.44,0.32,0.18
"PRENATAL RETAIL GROUP S.P.A. OVVERO, IN ABBREVIATO, PNT RETAIL GR OUP S.P.A. O PRG S.P.A.",0.52,0.0,1.72,1.46,0.35,0.15
MONDELEZ ITALIA S.R.L.,0.51,0.49,0.56,0.8,0.0,0.6
DOUGLAS ITALIA S.P.A.,0.51,0.35,0.9,0.65,0.97,0.35
TOTALENERGIES MARKETING ITALIA S.P.A.,0.51,0.42,0.71,0.87,0.2,0.5
POMELLATO S.P.A.,0.51,0.0,1.69,0.55,1.58,0.2
F.LLI MONTORFANO S.R.L.,0.51,0.0,1.69,0.04,0.0,0.98
SCHENKER ITALIANA SPA,0.5,0.17,1.27,0.93,0.0,0.53
FINCONS S.P.A.,0.5,0.38,0.79,0.82,0.86,0.3
DHL EXPRESS (ITALY) S.R.L.,0.5,0.68,0.08,0.32,0.0,0.84
EDISON S.P.A.,0.5,0.41,0.71,1.49,0.05,0.24
CHEMOURS ITALY S.R.L.,0.49,0.0,1.65,1.48,0.0,0.26
FRATELLI GIACOMEL S.P.A.,0.49,0.55,0.34,0.61,0.0,0.7
DECATHLON ITALIA S.R.L.,0.48,0.0,1.61,0.07,0.0,0.97
GENCOS110 S.P.A.,0.48,0.0,1.61,1.88,0.0,0.06
DATAMATIC S.P.A.,0.48,0.68,0.0,2.0,0.0,0.0
HEWLETT-PACKARD ITALIANA S.R.L.,0.48,0.68,0.0,0.0,2.25,0.25
EI TOWERS S.P.A.,0.48,0.55,0.3,0.35,0.0,0.83
"SNAM RETE GAS S.P.A. O, IN FORMA ABBREVIATA SNAM RG S.P.A.",0.47,0.43,0.56,0.76,0.21,0.55
TERMINALE GNL ADRIATICO SOCIETA' A RESPONSABILITA' LIMITATA IN FORMA ABBREVIATA TERMINALE GNL ADRIATICO S.R.L.,0.47,0.0,1.57,1.08,0.0,0.46
FAEL S.P.A. O FAELLUCE S.P.A.,0.47,0.0,1.57,1.75,0.0,0.12
STENA METALL HOLDING S.R.L.,0.47,0.0,1.57,1.91,0.0,0.04
RHENUS AIR & OCEAN SRL,0.47,0.0,1.57,0.19,0.0,0.9
MONDADORI RETAIL S.P.A.,0.47,0.0,1.57,1.63,0.36,0.07
TETRA PAK FOOD ENGINEERING S.P.A.,0.47,0.0,1.57,1.95,0.0,0.03
ACCIAIERIA ARVEDI S.P.A.,0.47,0.3,0.86,1.36,0.0,0.32
AIR LIQUIDE ITALIA PRODUZIONE SRL,0.47,0.32,0.82,0.61,0.6,0.5
FIBERCOP S.P.A.,0.47,0.09,1.35,0.79,0.11,0.57
WANHUA BORSODCHEM ITALIA SRL,0.46,0.0,1.54,1.76,0.0,0.12
DSV S.P.A.,0.46,0.45,0.49,0.54,0.0,0.73
SMURFIT KAPPA ITALIA S.P.A.,0.46,0.3,0.82,1.74,0.04,0.12
STOCCAGGI GAS ITALIA SPA O IN FORMA ABBREVIATA STOGIT SPA,0.46,0.46,0.45,0.49,0.0,0.75
VERSALIS S.P.A.,0.46,0.33,0.75,1.45,0.0,0.28
SUN CHEMICAL GROUP S.P.A.,0.45,0.0,1.5,1.84,0.0,0.08
SENNDER ITALIA S.R.L.,0.45,0.0,1.5,0.69,0.0,0.65
INTERNATIONAL PAPER ITALIA S.R.L.,0.45,0.0,1.5,2.0,0.0,0.0
WEBUILD S.P.A.,0.45,0.46,0.41,0.9,0.22,0.48
GRUPPO SAPIO (1),0.44,0.38,0.6,1.04,0.09,0.45
SALCHI METALCOAT S.R.L.,0.44,0.0,1.46,1.66,0.25,0.08
SIEMENS ENERGY S.R.L.,0.43,0.0,1.42,1.09,0.0,0.45
BRIANZA PLASTICA SPA,0.43,0.0,1.42,1.76,0.0,0.12
A.P.S. AROSIO S.P.A.,0.43,0.61,0.0,2.0,0.0,0.0
ADIDAS ITALY S.P.A.,0.42,0.36,0.56,0.09,0.0,0.95
EDENRED ITALIA S.R.L.,0.42,0.07,1.24,1.18,0.0,0.41
CANON ITALIA S.P.A.,0.42,0.52,0.19,0.87,0.0,0.56
SPREAFICO FRANCESCO E F.LLI S.P.A.,0.42,0.23,0.86,1.83,0.11,0.05
MM S.P.A.,0.42,0.0,1.39,1.2,0.0,0.4
BRANDART S.P.A.,0.42,0.0,1.39,1.59,0.27,0.12
PROJECT AUTOMATION S.P.A.,0.42,0.0,1.39,0.61,0.09,0.67
ALFA LAVAL ITALY S.R.L.,0.41,0.48,0.26,1.24,0.0,0.38
E.ON ENERGIA S.P.A.,0.41,0.48,0.26,1.04,0.0,0.48
GILEAD SCIENCES S.R.L.,0.41,0.39,0.45,1.19,0.0,0.41
RAIL CARGO LOGISTICS - ITALY S.R.L.,0.4,0.0,1.35,0.26,0.0,0.87
ARROW ELECTRONICS ITALIA S.R.L.,0.4,0.45,0.3,0.78,0.0,0.61
MICROSOFT S.R.L.,0.4,0.23,0.79,1.56,0.0,0.22
ENGIE ITALIA SPA,0.4,0.41,0.38,1.28,0.47,0.2
ARIENTI AUTOGRU' S.R.L.,0.39,0.0,1.31,0.0,0.0,1.0
TATUUS RACING S.P.A.,0.39,0.0,1.31,0.0,0.04,0.99
RAIL CARGO CARRIER - ITALY S.R.L.,0.39,0.0,1.31,0.25,0.0,0.88
SPIRAX - SARCO S.R.L. *,0.38,0.0,1.27,1.56,0.54,0.04
PRELIOS CREDIT SOLUTIONS S.P.A.,0.38,0.0,1.27,1.91,0.0,0.05
SOLAREDGE TECHNOLOGIES ITALY S.R.L.,0.38,0.0,1.27,1.71,0.0,0.14
FAI SERVICE SOCIETA' COOPERATIVA,0.38,0.0,1.27,0.0,0.0,1.0
NESTLE' ITALIANA S.P.A. IN FORMA ABBREVIATA NE.IT. S.P.A.,0.38,0.3,0.56,1.09,0.09,0.42
KUEHNE + NAGEL S.R.L.,0.38,0.16,0.9,0.64,0.0,0.68
INNOMOTICS SRL,0.38,0.17,0.86,0.73,0.07,0.61
KIA ITALIA S.R.L.,0.38,0.2,0.79,0.55,0.0,0.72
TECNIMONT S.P.A.,0.38,0.36,0.41,1.23,0.0,0.38
CO.GE.FIN. S.P.A.,0.37,0.0,1.24,0.84,0.0,0.58
ENIPOWER MANTOVA S.P.A.,0.37,0.0,1.24,1.47,0.0,0.26
ROBERT BOSCH S.P.A.,0.37,0.0,1.24,1.87,0.0,0.07
GEZE ITALIA S.R.L.,0.36,0.0,1.2,1.28,0.0,0.36
C.P.C. INOX S.P.A.,0.36,0.0,1.2,1.71,0.0,0.15
COLUSSI S.P.A.,0.36,0.0,1.2,1.59,0.0,0.2
CHG-MERIDIAN ITALIA SPA,0.36,0.0,1.2,1.44,0.61,0.08
PELLEGRINI S.P.A.,0.36,0.0,1.2,1.53,0.71,0.0
SANDVIK ITALIA S.P.A.,0.36,0.0,1.2,2.0,0.0,0.0
CP COLOMBO SRL,0.36,0.0,1.2,1.34,0.0,0.33
A2A ENERGIA S.P.A.,0.36,0.0,1.2,1.26,0.0,0.37
ENISERVIZI S.P.A.,0.36,0.0,1.2,1.42,0.05,0.28
MERCITALIA INTERMODAL S.P.A.,0.36,0.0,1.2,0.9,0.0,0.55
SAPIO PRODUZIONE IDROGENO OSSIGENO SRL,0.36,0.17,0.79,1.41,0.2,0.23
SASOL ITALY S.P.A.,0.35,0.0,1.16,1.71,0.0,0.15
URSA ITALIA S.R.L.,0.35,0.0,1.16,1.95,0.0,0.03
LEGNANO TEKNOELECTRIC COMPANY SPA,0.35,0.0,1.16,2.0,0.0,0.0
TROCELLEN ITALIA S.P.A.,0.35,0.0,1.16,1.1,0.0,0.45
BRENNTAG SPA,0.35,0.0,1.16,1.65,0.0,0.18
EY ADVISORY S.P.A.,0.35,0.0,1.16,1.62,0.19,0.13
IBM ITALIA S.P.A.,0.34,0.38,0.26,1.01,0.18,0.43
GETOIL S.R.L.,0.34,0.0,1.12,1.06,0.0,0.47
MARELLI EUROPE S.P.A.,0.34,0.0,1.12,0.89,0.0,0.56
MALBERTI HOLDING S.P.A.,0.34,0.0,1.12,0.75,0.0,0.62
ERICA SRL,0.34,0.0,1.12,1.15,0.0,0.42
CALCESTRUZZI S.P.A.,0.34,0.0,1.12,1.48,0.0,0.26
ENIPOWER SPA,0.34,0.0,1.12,1.44,0.0,0.28
BAYER S.P.A.,0.33,0.39,0.19,0.73,0.8,0.37
KONE S.P.A.,0.33,0.1,0.86,1.15,0.31,0.32
EVOLVERE S.P.A. SOCIETA' BENEFIT,0.33,0.0,1.09,1.65,0.0,0.18
CFG OVERSEAS SRL,0.33,0.0,1.09,0.05,0.46,0.82
COTY ITALIA S.R.L.,0.33,0.0,1.09,0.88,0.0,0.56
GI GROUP S.P.A.,0.33,0.0,1.09,0.27,1.61,0.33
GOLDEN GOOSE S.P.A.,0.33,0.0,1.09,0.18,1.52,0.4
EDISON NEXT GOVERNMENT S.R.L.,0.33,0.0,1.09,1.72,0.0,0.14
C.O.I.M. S.P.A. - CHIMICA ORGANICA INDUSTRIALE MILANESE,0.33,0.0,1.09,1.45,0.0,0.28
COCA-COLA HBC ITALIA S.R.L.,0.32,0.36,0.22,0.48,0.0,0.76
ACCENTURE S.P.A.,0.32,0.29,0.38,1.43,0.37,0.16
EARTH ENERGY S.R.L.,0.32,0.0,1.05,1.0,0.0,0.5
VAILLANT GROUP ITALIA S.P.A.,0.32,0.0,1.05,1.38,0.0,0.31
NAMEDSPORT S.R.L.,0.32,0.0,1.05,0.0,0.0,1.0
TOSCA ITALY S.P.A.,0.32,0.0,1.05,1.51,0.39,0.11
MONCLER S.P.A.,0.32,0.0,1.05,1.71,0.0,0.14
FIVES ITAS S.P.A.,0.32,0.0,1.05,0.47,0.0,0.77
NESPRESSO ITALIANA S.P.A. - SOCIETA' BENEFIT,0.32,0.0,1.05,1.71,0.17,0.09
3M ITALIA S.R.L.,0.31,0.45,0.0,0.0,0.0,1.0
HYDRO EXTRUSION ITALY S.R.L.,0.31,0.07,0.86,1.71,0.0,0.14
SORGENIA S.P.A.,0.31,0.09,0.82,1.35,0.31,0.22
LGD SOCIETA' COOPERATIVA,0.3,0.0,1.01,0.44,0.0,0.78
TERNINOX S.P.A.,0.3,0.0,1.01,1.89,0.0,0.05
RAVAGRICOLA S.P.A.,0.3,0.0,1.01,0.75,0.0,0.62
FALCK NEXT ENERGY S.R.L.,0.3,0.0,1.01,1.72,0.21,0.07
SETOA ITALIA S.P.A.,0.3,0.0,1.01,0.14,0.0,0.93
DANONE NUTRICIA SPA SOCIETA' BENEFIT IN FORMA ABBREVIATA D.N. SPA O DANONE N. SPA S. BENEFIT,0.3,0.0,1.01,1.69,0.0,0.15
TAO AMBIENTE S.R.L.,0.3,0.0,1.01,1.09,0.0,0.45
ADECCO ITALIA SPA,0.3,0.07,0.82,1.71,0.32,0.04
SIEMENS S.P.A.,0.3,0.23,0.45,0.42,0.11,0.75
CANALI HOLDING SOCIETA' PER AZIONI,0.3,0.23,0.45,0.31,0.0,0.84
HP ITALY S.R.L.,0.3,0.41,0.04,1.27,0.0,0.36
CAP HOLDING S.P.A.,0.29,0.0,0.98,1.23,0.0,0.38
KPMG ADVISORY S.P.A.,0.29,0.0,0.98,1.93,0.0,0.03
RENEWABLE DISPATCHING S.R.L.,0.29,0.0,0.98,1.89,0.0,0.06
EDIM S.P.A.,0.29,0.0,0.98,1.64,0.27,0.09
"""ITALCEMENTI"" FABBRICHE RIUNITE CEMENTO - SOCIETA' PER AZIONI - BERGAMO IN FORMA ABBREVIATA ITALCEMENTI S.P.A.",0.29,0.0,0.98,1.04,0.0,0.48
AVIENT COLORANTS ITALY S.R.L.,0.29,0.0,0.98,1.66,0.22,0.1
PHILIP MORRIS MANUFACTURING & TECHNOLOGY BOLOGNA S.P.A,0.29,0.0,0.98,1.45,0.09,0.24
SKY ITALIA - S.R.L.,0.29,0.0,0.98,0.01,0.0,0.99
OPEN FIBER S.P.A.,0.29,0.33,0.19,0.93,0.0,0.53
RANDSTAD ITALIA S.P.A.,0.29,0.22,0.45,0.93,0.0,0.53
SABIC ITALIA S.R.L.,0.29,0.23,0.41,0.82,0.0,0.59
PRIMARK ITALY S.R.L.,0.28,0.29,0.26,0.51,0.0,0.75
CEVA LOGISTICS ITALIA S.R.L.,0.28,0.0,0.94,0.16,0.0,0.92
DNV BUSINESS ASSURANCE ITALY S.R.L.,0.28,0.0,0.94,0.88,0.53,0.38
STUCCHI SERVIZI ECOLOGICI SRL,0.28,0.0,0.94,1.02,0.0,0.49
ALPHA TRADING S.P.A.,0.28,0.0,0.94,1.33,0.0,0.33
SEA S.P.A.,0.28,0.0,0.94,1.34,0.16,0.28
OUTOKUMPU S.R.L.,0.28,0.0,0.94,1.57,0.0,0.22
IM BIOFUEL ITALY S.R.L.,0.28,0.0,0.94,0.89,0.0,0.56
RENO DE MEDICI SPA,0.28,0.0,0.94,1.42,0.0,0.29
EDISON ENERGIA S.P.A.,0.28,0.0,0.94,1.76,0.0,0.12
A2A AIRPORT ENERGY S.P.A.,0.28,0.0,0.94,1.44,0.0,0.28
GEORG FISCHER S.P.A.,0.28,0.0,0.94,1.53,0.08,0.21
CERVED GROUP S.P.A.,0.27,0.0,0.9,1.67,0.0,0.17
LA.M.PLAST DI ALDO REDAELLI & C SRL,0.27,0.0,0.9,1.56,0.0,0.22
SEALED AIR S.R.L.,0.27,0.0,0.9,1.68,0.0,0.16
WUERTH ELEKTRONIK ITALIA S.R.L.,0.27,0.0,0.9,1.22,0.0,0.39
DELICATESSE SPA,0.27,0.0,0.9,1.23,0.0,0.38
TRILLIUM PUMPS ITALY S.P.A. *,0.26,0.13,0.56,1.81,0.0,0.1
BEIERSDORF S.P.A.,0.26,0.0,0.86,1.04,0.8,0.21
QVC ITALIA S.R.L.,0.26,0.0,0.86,0.0,0.0,1.0
MULTIVENDOR SERVICE S.R.L. (1),0.26,0.0,0.86,0.0,2.57,0.14
ENI ANGOLA S.P.A.,0.26,0.0,0.86,1.35,0.38,0.2
GAVIOTA SIMBAC S.P.A.,0.26,0.0,0.86,0.93,1.6,0.0
ILIAD ITALIA S.P.A.,0.26,0.0,0.86,1.75,0.0,0.12
NLINE SHIPPING SRL,0.26,0.0,0.86,0.15,0.0,0.93
FSI S.R.L.,0.26,0.0,0.86,1.23,0.0,0.39
LANXESS S.R.L.,0.26,0.0,0.86,1.72,0.0,0.14
JINDAL NYLON FILMS S.R.L. (1),0.26,0.0,0.86,2.0,0.0,0.0
ABBOTT MEDICAL ITALIA S.R.L.,0.26,0.0,0.86,0.9,1.24,0.14
ALPIQ ENERGIA ITALIA S.P.A.,0.25,0.06,0.71,1.02,0.0,0.49
VENTANA SERRA S.P.A.,0.25,0.07,0.68,0.14,0.16,0.88
SOCIETA' PER AZIONI ESERCIZI AEROPORTUALI S.E.A.,0.25,0.0,0.82,1.1,0.07,0.43
SNAM S.P.A.,0.25,0.0,0.82,0.82,0.0,0.59
SYSTEM ENGINEERING SOLUTIONS S.R.L.,0.25,0.0,0.82,0.15,2.0,0.26
SORGENIA POWER S.P.A.,0.25,0.0,0.82,1.37,0.33,0.2
SOLENIS ITALIA S.R.L.,0.25,0.0,0.82,1.88,0.0,0.06
THE BOSTON CONSULTING GROUP S.R.L.,0.25,0.0,0.82,1.23,0.14,0.34
F.S.A. S.R.L.,0.25,0.0,0.82,0.17,0.0,0.92
BUZZI S.P.A.,0.25,0.0,0.82,1.52,0.0,0.24
SPECIAL FLANGES SOCIETA' PER AZIONI **,0.25,0.0,0.82,1.86,0.0,0.07
BOSCH REXROTH S.P.A.,0.25,0.0,0.82,0.52,0.0,0.74
BASF COATINGS SERVICES ITALY S.R.L.,0.25,0.0,0.82,1.7,0.0,0.15
VOLVO CONSTRUCTION EQUIPMENT ITALIA S.P.A.,0.25,0.0,0.82,1.72,0.0,0.14
ARKEMA S.R.L.,0.25,0.0,0.82,0.9,0.13,0.51
BMW ITALIA SPA,0.24,0.2,0.34,0.9,0.0,0.55
JAKALA S.P.A. SOCIETA' BENEFIT,0.24,0.0,0.79,1.55,0.11,0.19
CEM AMBIENTE S.P.A.,0.24,0.0,0.79,1.13,0.0,0.43
SNF ITALIA S.R.L.,0.24,0.0,0.79,1.91,0.0,0.05
AZIENDA TRASPORTI MILANESI S.P.A. IN FORMA ABBREVIATA A.T.M. S .P.A.,0.24,0.0,0.79,0.06,0.0,0.97
BASELL POLIOLEFINE ITALIA S.R.L.,0.24,0.0,0.79,1.56,0.0,0.22
EDISON RINNOVABILI S.P.A.,0.24,0.0,0.79,1.62,0.0,0.19
SANOFI S.R.L.,0.24,0.0,0.79,1.5,0.0,0.25
DNV MARITIME ITALY S.R.L.,0.24,0.0,0.79,1.17,0.0,0.42
AIR LIQUIDE ITALIA SERVICE S.R.L.,0.24,0.0,0.79,0.75,0.59,0.43
GNOSIS S.P.A.,0.24,0.0,0.79,0.66,1.6,0.14
BIOISOTHERM SRL,0.24,0.0,0.79,1.74,0.0,0.13
SAIPEM S.P.A.,0.24,0.0,0.79,1.45,0.0,0.27
MANUCOR S.P.A.,0.24,0.0,0.79,2.0,0.0,0.0
ATLANTIC INTEGRATED FREIGHT S.R.L.,0.24,0.0,0.79,0.32,0.0,0.84
FESTO S.P.A.,0.24,0.0,0.79,2.0,0.0,0.0
FASTWEB SPA,0.23,0.23,0.22,0.79,0.1,0.57
FEDEX EXPRESS ITALY S.R.L.,0.23,0.26,0.15,0.25,0.0,0.88
A.C. MONZA S.P.A.,0.22,0.0,0.75,0.0,0.03,0.99
RECLEAN SOCIETA' COOPERATIVA,0.22,0.0,0.75,1.16,0.42,0.28
LOMBARDA MOTORI S.P.A.,0.22,0.0,0.75,0.0,0.0,1.0
NH ITALIA S.P.A.,0.22,0.0,0.75,1.66,0.0,0.17
CEREDA AMBROGIO S.R.L.,0.22,0.0,0.75,0.82,0.0,0.59
ISTITUTI CLINICI ZUCCHI S.P.A.,0.22,0.0,0.75,0.0,1.15,0.62
SPIN SPA,0.22,0.0,0.75,1.33,0.0,0.33
SOLVAY ENERGY SERVICES ITALIA S.R.L.IN FORMA ABBREVIATA SES ITALI A SRL,0.22,0.0,0.75,1.37,0.0,0.32
SIBELCO ITALIA - SOCIETA' PER AZIONI,0.22,0.0,0.75,1.03,0.0,0.48
GALLIZO ITALIA S.R.L.,0.22,0.0,0.75,1.3,0.0,0.35
SMURFIT KAPPA CARTIERA DI VERZUOLO S.R.L.,0.22,0.0,0.75,1.81,0.0,0.09
PHARDIS S.R.L.,0.22,0.0,0.75,0.0,0.0,1.0
TAMOIL ITALIA S.P.A.,0.22,0.32,0.0,0.0,0.0,1.0
KASANOVA S.P.A.,0.22,0.25,0.15,0.4,0.15,0.75
COLUMBUS SRL,0.21,0.0,0.71,0.95,0.0,0.52
INTALS S.P.A.,0.21,0.0,0.71,1.38,0.0,0.31
RAUCH ITALIA SRL,0.21,0.0,0.71,1.0,0.0,0.5
SOLVAY SPECIALTY POLYMERS ITALY S.P.A.,0.21,0.0,0.71,1.4,0.0,0.3
ELEKTA S.P.A.,0.21,0.0,0.71,1.59,0.0,0.2
BREVETTI STENDALTO S.P.A.,0.21,0.0,0.71,0.91,1.29,0.11
B. & V. HOLDING S.P.A.,0.21,0.0,0.71,0.2,0.0,0.9
YAMAHA MOTOR R&D EUROPE S.R.L.,0.21,0.0,0.71,0.95,0.0,0.53
GIOVANARDI S.P.A.,0.21,0.0,0.71,1.75,0.0,0.12
WOOD ITALIANA S.R.L.,0.21,0.0,0.71,1.67,0.0,0.17
IMPRESA SANGALLI GIANCARLO & C. S.R.L.,0.21,0.0,0.71,0.35,1.94,0.18
PRESEZZI EXTRUSION S.P.A.,0.21,0.0,0.71,2.0,0.0,0.0
"""PERNOD RICARD ITALIA S.P.A."" O, PIU' BREVEMENTE, ""PRI S.P.A."" NONCHE' ""PR ITALIA S.P.A.""",0.21,0.0,0.71,0.56,0.0,0.72
OPENJOBMETIS SPA AGENZIA PER IL LAVORO,0.21,0.0,0.71,1.2,0.0,0.4
ACS DOBFAR SPA,0.21,0.0,0.71,1.85,0.0,0.08
WEBHELP ENTERPRISE SALES SOLUTIONS ITALY S.R.L.,0.21,0.0,0.71,0.61,0.0,0.7
EUSIDER S.P.A.,0.21,0.0,0.71,0.71,0.49,0.48
Company not found,0.21,0.3,0.0,0.9,0.48,0.39
BOEHRINGER INGELHEIM ITALIA - S.P.A.,0.21,0.04,0.6,0.0,0.0,1.0
ALFA LAVAL SPA,0.2,0.0,0.68,1.56,0.0,0.22
H & M HENNES & MAURITZ S.R.L.,0.2,0.0,0.68,0.8,0.36,0.48
AMPLIFON S.P.A.,0.2,0.0,0.68,1.66,0.0,0.17
PENNY MARKET S.R.L.,0.2,0.0,0.68,1.58,0.08,0.18
EVOLVE S.P.A.,0.2,0.0,0.68,1.64,0.0,0.18
GXO LOGISTICS ITALY S.P.A.,0.2,0.0,0.68,0.48,0.0,0.76
BOSTON SCIENTIFIC SPA,0.2,0.0,0.68,0.27,1.8,0.27
MULTILOGISTICS S.P.A.,0.2,0.0,0.68,0.0,0.0,1.0
EUR - ACCIAI S.P.A.,0.2,0.0,0.68,1.64,0.0,0.18
ARES S.R.L.,0.2,0.0,0.68,0.25,0.22,0.8
MANPOWER S.R.L.,0.2,0.0,0.68,1.18,0.48,0.25
SIRAM S.P.A.,0.2,0.0,0.68,1.5,0.64,0.04
MANIFATTURA MARIO COLOMBO & C. S.P.A.,0.2,0.0,0.68,0.08,0.22,0.89
J.A.S. JET AIR SERVICE SPA,0.2,0.0,0.68,0.37,0.0,0.82
TD SYNNEX ITALY S.R.L.,0.2,0.0,0.68,1.56,0.0,0.22
"PARMALAT S.P.A. IN FORMA ABBREVIATA ""PLT S.P.A.""",0.2,0.0,0.68,0.6,0.0,0.7
YAMAHA MOTOR RACING S.R.L.,0.2,0.0,0.68,0.72,0.0,0.64
PAGG ASPOCK S.R.L.,0.2,0.0,0.68,0.67,0.0,0.67
GEODIS FF ITALIA S.P.A.,0.2,0.0,0.68,0.1,0.0,0.95
G. CARRAI & C. S.R.L.,0.2,0.0,0.68,0.17,0.0,0.92
MAISONS DU MONDE ITALIE S.R.L.,0.2,0.0,0.68,0.0,0.0,1.0
SODEXO ITALIA S.P.A.,0.2,0.0,0.68,1.57,0.0,0.22
BUTAN GAS SPA,0.2,0.0,0.68,1.16,0.0,0.42
CISCO SYSTEMS (ITALY) S.R.L.,0.19,0.14,0.3,0.3,0.17,0.79
STOCK HOUSE ITALIA LOGISTIC - SRL,0.19,0.0,0.64,0.15,0.0,0.92
VIRMA S.P.A.,0.19,0.0,0.64,1.03,0.0,0.48
SPEKTRA S.R.L.,0.19,0.0,0.64,1.47,0.0,0.26
SET S.P.A.,0.19,0.0,0.64,1.86,0.0,0.07
I.P.A. INDUSTRIA PORCELLANE S.P.A.,0.19,0.0,0.64,1.73,0.0,0.13
SODEXO BENEFITS & REWARDS SERVICES ITALIA SRL,0.19,0.0,0.64,1.68,0.0,0.16
RISTOSERVICE S.R.L.,0.19,0.0,0.64,1.2,0.0,0.4
DELL'ORTO S.P.A.,0.19,0.0,0.64,0.7,0.0,0.65
BOLTON MANITOBA S.P.A.,0.19,0.0,0.64,1.0,1.12,0.12
APERAM STAINLESS SERVICES & SOLUTIONS ITALY SRL,0.19,0.0,0.64,1.52,0.0,0.24
ENERGYA S.P.A.,0.19,0.0,0.64,1.85,0.0,0.08
BOSCH REXROTH OIL CONTROL S.P.A.,0.19,0.0,0.64,0.86,0.0,0.57
PILOT ITALIA S.P.A.,0.19,0.0,0.64,1.16,0.84,0.14
ALI GROUP S.R.L.,0.19,0.0,0.64,1.46,0.0,0.27
OLON S.P.A.,0.18,0.0,0.6,1.17,0.1,0.38
RISO SCOTTI S.P.A.,0.18,0.0,0.6,1.68,0.0,0.16
GIOMA VARO SRL,0.18,0.0,0.6,2.0,0.0,0.0
SONATRACH RAFFINERIA ITALIANA S.R.L.,0.18,0.0,0.6,1.69,0.0,0.16
ISTITUTO EUROPEO DI ONCOLOGIA SRL,0.18,0.0,0.6,0.18,1.06,0.56
ALVECO S.R.L.,0.18,0.0,0.6,1.56,0.0,0.22
FREUD S.P.A.,0.18,0.0,0.6,1.0,0.9,0.2
GELSIA S.R.L.,0.18,0.0,0.6,0.67,0.0,0.66
KSB ITALIA S.P.A.,0.18,0.0,0.6,0.86,0.0,0.57
S.C. JOHNSON ITALY S.R.L.,0.18,0.0,0.6,0.9,0.9,0.25
BORMIOLI PHARMA S.P.A.,0.18,0.0,0.6,1.9,0.0,0.05
ELIOR RISTORAZIONE S.P.A.,0.18,0.0,0.6,0.89,0.6,0.36
ELLE EMME LOGISTICA S.P.A.,0.18,0.0,0.6,1.35,0.0,0.33
SOCIETA' ITALIANA ACCIAI TUBI SIAT SOCIETA' PER AZIONI CON SIGLA SIAT SPA,0.18,0.0,0.6,0.89,0.0,0.56
EIGENMANN & VERONELLI S.P.A.,0.18,0.0,0.6,1.49,0.0,0.25
TECNOSTAMP TRIULZI GROUP S.R.L.,0.18,0.0,0.6,1.59,0.0,0.21
LVMH PROFUMI E COSMETICI ITALIA S.R.L.,0.18,0.0,0.6,1.11,0.0,0.44
PRENATAL S.P.A.,0.18,0.0,0.6,1.22,0.76,0.14
"EGIDIO GALBANI SOCIETA' A RESPONSABILITA' LIMITATA IN BREVE ""EGIDIO GALBANI S.R.L."" O ""E.GA. S.R.L.""",0.18,0.0,0.6,0.58,0.0,0.71
PRENATAL RETAIL GROUP S.P.A.,0.18,0.0,0.6,1.22,0.76,0.14
BUSINESS INTEGRATION PARTNERS S.P.A.,0.18,0.0,0.6,0.97,0.24,0.43
CONSORZIO DESIO-BRIANZA,0.18,0.0,0.6,0.0,0.13,0.96
"CONSORZIO NAZIONALE PER LA RACCOLTA, IL RICICLO E IL RECUPERO DEGLI IMBALLAGGI IN PLASTICA",0.18,0.0,0.6,1.39,0.0,0.3
IMR-INDUSTRIALESUD S.P.A.,0.18,0.0,0.6,1.33,0.0,0.33
EXPEDITORS INTERNATIONAL ITALIA S.R.L.,0.18,0.0,0.6,0.25,0.0,0.87
JT INTERNATIONAL ITALIA S.R.L.,0.18,0.0,0.6,1.09,0.68,0.23
J.B. CARS S.R.L.,0.18,0.17,0.19,0.23,0.0,0.88
AMPLIFON ITALIA S.P.A.,0.18,0.17,0.19,0.3,0.0,0.85
SYNLAB ITALIA S.R.L.,0.18,0.17,0.19,0.65,0.0,0.68
RECKITT BENCKISER COMMERCIAL (ITALIA) S.R.L.,0.18,0.03,0.52,1.06,0.0,0.47
LG ELECTRONICS ITALIA S.P.A.,0.17,0.12,0.3,1.59,0.0,0.2
A2A GENCOGAS S.P.A.,0.17,0.0,0.56,0.76,0.0,0.62
FIERA MILANO S.P.A.,0.17,0.0,0.56,1.17,0.0,0.42
OLTREFRONTIERA PROGETTI S.R.L.,0.17,0.0,0.56,0.6,0.0,0.7
EDENRED UTA MOBILITY SRL,0.17,0.0,0.56,1.0,0.0,0.5
CHRISTIAN DIOR ITALIA S.R.L.,0.17,0.0,0.56,1.11,0.0,0.44
FILMCUTTER ADVANCED MATERIAL S.R.L.,0.17,0.0,0.56,2.0,0.0,0.0
WEG ITALIA S.R.L.,0.17,0.0,0.56,2.0,0.0,0.0
MATICMIND S.P.A.,0.17,0.0,0.56,1.15,1.15,0.04
PHILIPS S.P.A.,0.17,0.0,0.56,1.21,0.0,0.4
FRUTTITAL S.R.L.,0.17,0.0,0.56,1.64,0.0,0.18
TENOVA S.P.A.,0.17,0.0,0.56,1.67,0.0,0.17
FRESH WAYS S.R.L.,0.17,0.0,0.56,0.0,0.0,1.0
IRIDEOS S.P.A.,0.17,0.0,0.56,0.0,0.0,1.0
SIR INDUSTRIALE S.P.A.,0.17,0.0,0.56,1.69,0.0,0.15
DELL ORTO GIAN PAOLO S.P.A.,0.17,0.0,0.56,0.74,0.0,0.63
ALTUGLAS S.R.L.,0.17,0.0,0.56,1.55,0.11,0.19
EUROTRANCIATURA S.P.A.,0.17,0.0,0.56,1.29,0.0,0.36
NAMED S.R.L. **,0.17,0.0,0.56,0.0,0.11,0.96
CIP LOMBARDIA SRL,0.17,0.0,0.56,1.28,0.0,0.36
CMO GROUP S.R.L.,0.17,0.0,0.56,2.0,0.0,0.0
AB.M MILANO S.R.L.,0.17,0.0,0.56,0.72,0.0,0.64
NEXT HARDWARE & SOFTWARE S.P.A.,0.17,0.19,0.11,0.18,0.0,0.91
SOCIOSFERA ONLUS SOCIETA' COOPERATIVA SOCIALE,0.16,0.0,0.52,0.0,1.35,0.55
F R A M S.R.L.,0.16,0.0,0.52,1.6,0.0,0.2
EGIMOTORS S.R.L.,0.16,0.0,0.52,0.0,0.0,1.0
HP23 S.R.L.,0.16,0.0,0.52,0.08,0.0,0.96
HISENSE ITALIA SRL,0.16,0.0,0.52,1.38,0.0,0.31
ROSLER ITALIANA SRL,0.16,0.0,0.52,1.64,0.0,0.18
EUROITALIA S.R.L. **,0.16,0.0,0.52,1.88,0.0,0.06
GENERTEC ITALIA S.R.L.,0.16,0.0,0.52,1.6,0.0,0.2
"BECTON, DICKINSON ITALIA S.P.A.",0.16,0.0,0.52,1.68,0.0,0.16
MAKINO S.R.L.,0.16,0.0,0.52,0.0,0.0,1.0
ASC SOCIETA' A RESPONSABILITA' LIMITATA IN BREVE ASC S.R.L.,0.16,0.0,0.52,0.43,0.0,0.78
LA NETTATUTTO S.R.L.,0.16,0.0,0.52,0.13,0.0,0.93
ATAM S.P.A.,0.16,0.0,0.52,1.15,0.0,0.43
TESI S.P.A.,0.16,0.0,0.52,0.72,0.0,0.64
LATTONEDIL S.P.A. MILANO,0.16,0.0,0.52,1.54,0.0,0.23
VIO & C. S.R.L.,0.16,0.0,0.52,0.0,0.0,1.0
PIETRO CORICELLI - S.P.A.,0.16,0.0,0.52,2.0,0.0,0.0
VEOS S.P.A. **,0.16,0.0,0.52,0.22,0.0,0.89
ALTEN ITALIA S.P.A.,0.16,0.0,0.52,0.19,0.56,0.72
CONTINENTAL ITALIA S.P.A. PNEUMATICI PRODOTTI DI GOMMA E PLASTICI,0.16,0.0,0.52,0.21,0.0,0.9
ASC S.R.L.,0.16,0.0,0.52,0.49,0.0,0.76
NOVABIT S.R.L.,0.16,0.0,0.52,1.64,0.0,0.18
BOREALIS ITALIA S.P.A.,0.16,0.0,0.52,2.0,0.0,0.0
PARKER HANNIFIN ITALY S.R.L.,0.16,0.0,0.52,1.2,0.0,0.4
MASCHERONI S.R.L.,0.16,0.0,0.52,0.0,0.0,1.0
OPELLA HEALTHCARE ITALY SRL O OPELLA HEALTHCARE ITALY SRL SOCIETA' BENEFIT,0.16,0.0,0.52,1.37,0.0,0.32
TURCONI SPA,0.16,0.0,0.52,0.97,0.24,0.43
STAUBLI ITALIA S.P.A.,0.16,0.0,0.52,1.08,0.0,0.46
SPEKTRA - AGRI S.R.L.,0.16,0.0,0.52,1.59,0.0,0.21
DIVERSEY S.P.A.,0.16,0.0,0.52,1.74,0.0,0.13
OFFICINE VICA S.P.A.,0.16,0.0,0.52,0.0,2.65,0.12
BETA UTENSILI S.P.A.,0.15,0.06,0.38,0.2,0.0,0.9
EPIPOLI SPA,0.15,0.14,0.15,0.21,0.0,0.9
CAVOTEC SPECIMAS SPA,0.15,0.0,0.49,1.02,0.0,0.49
BOFFI S.P.A.,0.15,0.0,0.49,1.43,0.0,0.29
UNITED PARCEL SERVICE ITALIA SRL,0.15,0.0,0.49,1.33,0.0,0.33
LAPP ITALIA S.R.L.,0.15,0.0,0.49,1.13,0.0,0.43
BSH ELETTRODOMESTICI S.P.A.,0.15,0.0,0.49,1.05,0.22,0.4
HIWIN S.R.L.,0.15,0.0,0.49,1.23,0.35,0.27
MIREX SPA,0.15,0.0,0.49,1.27,0.0,0.36
GRUPPO COLZANI S.R.L.,0.15,0.0,0.49,0.0,0.0,1.0
TRILUX ITALIA S.R.L.,0.15,0.0,0.49,1.67,0.0,0.16
BASF ITALIA S.P.A.,0.15,0.0,0.49,2.0,0.0,0.0
CARTONGRAF 1890 S.R.L.,0.15,0.0,0.49,0.96,0.0,0.52
CARLO BRAMBILLA S.R.L.,0.15,0.0,0.49,1.71,0.0,0.14
METAL WORK HOLDING S.P.A.,0.15,0.0,0.49,1.25,0.0,0.38
CANTARELLA & MOLTENI S.R.L.,0.15,0.0,0.49,0.75,0.0,0.62
"""ANHEUSER - BUSCH INBEV ITALIA SPA"" OVVERO IN FORMA ABBREVIATA ""AB INBEV ITALIA SPA""",0.15,0.0,0.49,0.24,0.0,0.88
ARCO SPEDIZIONI S.P.A.,0.15,0.0,0.49,0.08,0.0,0.96
MOSCA MOTORI S.R.L.,0.15,0.0,0.49,0.0,0.0,1.0
KPMG S.P.A.,0.15,0.0,0.49,1.1,0.31,0.34
YOU LOG S.P.A.,0.15,0.0,0.49,0.4,0.06,0.78
ADI ENERGIA S.R.L.,0.15,0.0,0.49,0.74,0.0,0.63
INTESA SANPAOLO RENT FORYOU S.P.A.,0.15,0.0,0.49,0.83,0.0,0.59
RECORDATI INDUSTRIA CHIMICA E FARMACEUTICA S.P.A. IN BREVE RECORDATI S.P.A.,0.15,0.0,0.49,1.09,0.0,0.45
COSMELUX S.R.L.,0.15,0.0,0.49,1.56,0.0,0.22
JOHN DEERE ITALIANA S.R.L.,0.15,0.0,0.49,0.75,0.0,0.62
AMAZON DATA SERVICES ITALY S.R.L.,0.15,0.0,0.49,0.39,0.05,0.79
TEKNA CHEM S.P.A.,0.15,0.0,0.49,1.49,0.0,0.26
KELLOGG ITALIA SPA,0.15,0.0,0.49,0.74,0.2,0.57
SOL S.P.A. (1),0.15,0.0,0.49,1.53,0.1,0.2
AON S.P.A. INSURANCE & REINSURANCE BROKERS O IN FORMA ABBREVIATA AON S.P.A.,0.15,0.0,0.49,1.27,0.0,0.36
PUBLITALIA 80 CONCESSIONARIA PUBBLICITA S.P.A. E IN FORMA ABBREVIATA PUBLITALIA 80 S.P.A.,0.15,0.0,0.49,0.12,0.0,0.94
ROVAGNATI SPA,0.14,0.04,0.38,1.0,0.0,0.5
TELECOM ITALIA SPA O TIM S.P.A.,0.14,0.1,0.22,0.73,0.55,0.45
"PANDORA ITALIA SOCIETA' A RESPONSABILITA' LIMITATA IN BREVE ""PANDORA ITALIA S.R.L.""",0.13,0.0,0.45,0.91,0.0,0.55
ROYAL GREENLAND ITALIA SOCIETA' PER AZIONI,0.13,0.0,0.45,1.82,0.0,0.09
ZAPPA S.R.L.,0.13,0.0,0.45,0.67,0.0,0.67
GAS SALES S.R.L.,0.13,0.0,0.45,0.37,0.0,0.81
ATOS ITALIA S.P.A.,0.13,0.0,0.45,0.63,0.0,0.68
MOELLHAUSEN SPA,0.13,0.0,0.45,2.0,0.0,0.0
MARTEC S.P.A.,0.13,0.0,0.45,0.37,0.0,0.81
WORTHINGTON S.R.L. (1),0.13,0.0,0.45,1.03,0.0,0.48
BIREL ART S.R.L.,0.13,0.0,0.45,0.0,0.0,1.0
AMIACQUE SRL,0.13,0.0,0.45,1.0,0.0,0.5
PARTECIPAZIONI SOCIETA' ALIMENTARI S.R.L. O PIU' BREVEMENTE PARTESA S.R.L.,0.13,0.0,0.45,0.91,0.0,0.55
GS SPA,0.13,0.0,0.45,0.44,0.16,0.73
WITTMANN BATTENFELD ITALIA SRL,0.13,0.0,0.45,1.37,0.0,0.31
GRENKE LOCAZIONE S.R.L.,0.13,0.0,0.45,1.53,0.0,0.24
WEBUILD ITALIA SPA,0.13,0.0,0.45,0.0,0.21,0.93
SCHINDLER - SOCIETA' PER AZIONI,0.13,0.0,0.45,0.75,0.0,0.62
MICYS COMPANY S.P.A.,0.13,0.0,0.45,0.53,0.95,0.42
AMILON SRL,0.13,0.0,0.45,1.91,0.0,0.04
MULTIMEDICA S.P.A.,0.13,0.0,0.45,0.0,0.62,0.79
AXALTA COATING SYSTEMS ITALY SRL,0.13,0.0,0.45,1.38,0.0,0.31
FRIGERIO VIAGGI SRL,0.13,0.0,0.45,0.16,0.0,0.92
MARTEC MARINE S.P.A.,0.13,0.0,0.45,0.2,0.0,0.9
STAR S.P.A.,0.13,0.0,0.45,0.64,0.32,0.57
COMAP S.R.L.,0.13,0.0,0.45,0.67,0.0,0.67
RODACCIAI S.P.A.,0.13,0.0,0.45,2.0,0.0,0.0
CHANEL S.R.L.,0.13,0.0,0.45,0.67,0.6,0.47
INTERZERO ITALY S.R.L.,0.13,0.0,0.45,1.62,0.0,0.19
CEBA INGRANAGGI S.R.L.,0.13,0.0,0.45,2.0,0.0,0.0
ECOSAN S.R.L.,0.13,0.0,0.45,1.33,0.0,0.33
RIVA LOGISTIC & SERVICE S.R.L.,0.13,0.0,0.45,0.07,0.0,0.97
UNION FOAM S.P.A.,0.13,0.0,0.45,1.64,0.0,0.18
SORGENIA TRADING S.P.A.,0.13,0.0,0.45,1.12,0.25,0.36
RITRAMA S.P.A.,0.13,0.0,0.45,1.15,0.0,0.42
TOTALENERGIES EP ITALIA S.P.A.,0.13,0.0,0.45,1.0,0.0,0.5
COMPAGNIA ITALIANA FORME ACCIAIO S.P.A. NELLA FORMA ESTESA E CIFA S.P.A. NELLA FORMA ABBREVIATA,0.13,0.0,0.45,0.83,0.0,0.58
IMCD ITALIA S.P.A.,0.13,0.0,0.45,1.58,0.0,0.21
TOSHIBA TEC ITALIA IMAGING SYSTEMS S.P.A.,0.13,0.0,0.45,1.23,0.0,0.39
EPTA S.P.A.,0.13,0.0,0.45,1.42,0.0,0.29
CLEAF SPA,0.13,0.16,0.08,0.92,0.69,0.31
OSPEDALE SAN RAFFAELE S.R.L.,0.13,0.09,0.22,0.0,0.25,0.92
IPERAL SUPERMERCATI S.P.A.,0.13,0.12,0.15,1.0,0.0,0.5
BIOGEN ITALIA S.R.L.,0.12,0.14,0.08,1.47,0.47,0.11
THYSSENKRUPP ELECTRICAL STEEL ITALIA S.R.L.,0.12,0.0,0.41,1.78,0.0,0.11
ENEGREEN S.P.A.,0.12,0.0,0.41,1.18,0.0,0.41
TONCAR S.R.L.,0.12,0.0,0.41,1.69,0.0,0.16
CAVE ROCCA S.R.L.,0.12,0.0,0.41,1.69,0.0,0.15
I.M.P. INDUSTRIA METALLI PRESSOFUSI SRL,0.12,0.0,0.41,0.0,0.0,1.0
ELSTER S.R.L.,0.12,0.0,0.41,0.53,0.0,0.74
DHL GLOBAL FORWARDING (ITALY) S.P.A.,0.12,0.0,0.41,0.5,0.0,0.75
AGRIFARMA SPA,0.12,0.0,0.41,1.0,1.23,0.09
I.M.P. S.P.A.,0.12,0.0,0.41,1.27,0.0,0.36
CRS HOME S.R.L.,0.12,0.0,0.41,0.86,0.0,0.57
RIZZOLI CORRIERE DELLA SERA MEDIAGROUP SPA O IN FORMA ABBREVIATA RCS MEDIAGROUP SPA O RCS S.P.A.,0.12,0.0,0.41,0.68,0.0,0.66
AMGEN S.R.L.,0.12,0.0,0.41,0.94,0.84,0.25
AL DAHRA EUROPE S.R.L.,0.12,0.0,0.41,1.73,0.0,0.13
TECNAIR S.P.A.,0.12,0.0,0.41,2.0,0.0,0.0
KION RENTAL SERVICES S.P.A.,0.12,0.0,0.41,1.25,0.0,0.38
THE JUICE PLUS+ COMPANY SRL,0.12,0.0,0.41,0.17,1.96,0.26
PROFIMED SRL,0.12,0.0,0.41,1.8,0.0,0.1
SOLVAY SOLUTIONS ITALIA S.P.A.,0.12,0.0,0.41,0.94,0.0,0.53
SMITH & NEPHEW SRL,0.12,0.0,0.41,0.41,0.09,0.77
PAGANI INDUSTRIE ALIMENTARI S.P.A.,0.12,0.0,0.41,1.28,0.0,0.36
DOCEBO S.P.A.,0.12,0.0,0.41,0.32,0.29,0.74
WIND TRE ITALIA S.P.A.,0.12,0.0,0.41,0.98,0.17,0.45
SIRTI - SOCIETA' PER AZIONI,0.12,0.0,0.41,0.74,0.42,0.49
VAILOG S.R.L.,0.12,0.0,0.41,0.35,0.0,0.82
GE MEDICAL SYSTEMS ITALIA S.P.A,0.12,0.0,0.41,0.93,0.21,0.47
BERTO S.R.L.,0.12,0.0,0.41,1.45,0.0,0.28
POLYEDRA S.P.A.,0.12,0.0,0.41,1.0,1.5,0.0
ROLEX ITALIA S.P.A. IN BREVE ROL.IT. S.P.A.,0.12,0.0,0.41,0.1,0.0,0.95
ACCIAI BRIANZA S.P.A.,0.12,0.0,0.41,1.39,0.0,0.3
POLICLINICO SAN DONATO S.P.A.,0.12,0.0,0.41,0.0,0.78,0.74
BENCINI CESARE S.R.L.,0.12,0.0,0.41,0.44,0.0,0.78
CAPSOL S.P.A.,0.12,0.0,0.41,1.29,0.0,0.36
TRANS TUNISIAN PIPELINE COMPANY S.P.A.,0.12,0.0,0.41,0.0,0.0,1.0
BOLLORE' LOGISTICS ITALY S.P.A.,0.12,0.0,0.41,0.18,0.0,0.91
MARIANI AUTO SRL,0.12,0.0,0.41,0.1,0.0,0.95
GAMMA CHIMICA S.P.A.,0.12,0.0,0.41,0.86,0.64,0.36
HUAWEI TECHNOLOGIES ITALIA S.R.L.,0.12,0.1,0.15,0.12,0.0,0.94
BIANALISI S.P.A. *,0.11,0.13,0.08,0.0,0.36,0.88
OMEGA-IFS S.R.L.,0.11,0.0,0.38,0.29,1.29,0.43
AIR LOGISTICS S.R.L.,0.11,0.0,0.38,0.17,0.0,0.91
GALFIN S.R.L.,0.11,0.0,0.38,0.4,0.0,0.8
FUMAGALLI DANILO S.R.L.,0.11,0.0,0.38,0.0,1.91,0.36
PANZERI CARLO S.R.L.,0.11,0.0,0.38,1.72,0.0,0.14
GELSIA AMBIENTE S.R.L.,0.11,0.0,0.38,0.17,0.0,0.92
SYNGENTA ITALIA S.P.A.,0.11,0.0,0.38,1.82,0.0,0.09
WORLD FUEL SERVICES ITALY S.R.L.,0.11,0.0,0.38,0.77,0.0,0.62
SALMOIRAGHI & VIGANO' S.P.A. E - IN FORMA ABBREVIATA - S&V S.P.A.,0.11,0.0,0.38,0.4,0.0,0.8
O.M.A. S.R.L.,0.11,0.0,0.38,0.76,0.0,0.62
BOXLINE UNITED CARGO LINK S.R.L.,0.11,0.0,0.38,0.0,0.0,1.0
CONSORZIO X-RESPONSE,0.11,0.0,0.38,0.53,0.0,0.74
SD CHEMICALS SRL,0.11,0.0,0.38,1.62,0.0,0.19
HALLSTAR ITALIA SRL,0.11,0.0,0.38,1.29,0.29,0.26
BRIANZACQUE S.R.L.,0.11,0.0,0.38,0.38,0.0,0.81
BRICOCENTER ITALIA S.R.L.,0.11,0.0,0.38,0.71,0.0,0.64
MARCEGAGLIA BUILDTECH S.R.L.,0.11,0.0,0.38,0.86,0.0,0.57
BUILDING DIVISION S.R.L.,0.11,0.0,0.38,0.17,0.39,0.78
PONZINI HOLDING S.R.L.,0.11,0.0,0.38,0.91,0.0,0.55
VAMP TECHNOLOGIES S.P.A.,0.11,0.0,0.38,0.22,0.0,0.89
EXENTIAL CONSULTING S.R.L.,0.11,0.0,0.38,0.0,0.0,1.0
BIMAN S.R.L.,0.11,0.0,0.38,0.4,0.0,0.8
ESPRINET S.P.A.,0.11,0.0,0.38,1.25,0.0,0.38
MAURI BUS SYSTEM SRL,0.11,0.0,0.38,0.15,0.0,0.93
F.LLI MASCIAGHI S.R.L.,0.11,0.0,0.38,0.59,0.33,0.59
PILZ ITALIA S.R.L.,0.11,0.0,0.38,0.63,0.0,0.69
MIRABELLO CARRARA S.P.A.,0.11,0.0,0.38,1.12,0.0,0.44
PIGOMMA SOCIETA' PER AZIONI,0.11,0.0,0.38,1.3,0.0,0.35
ENERGEAN ITALY S.P.A.,0.11,0.0,0.38,1.37,0.0,0.32
AXA ITALIA SERVIZI S.C.P.A.,0.11,0.0,0.38,0.8,0.77,0.34
AVANADE ITALY S.R.L.,0.11,0.0,0.38,1.53,0.3,0.13
THE WALT DISNEY COMPANY ITALIA S.R.L.,0.11,0.0,0.38,0.37,0.0,0.81
VIVISOL NAPOLI S.R.L.,0.11,0.0,0.38,1.53,0.0,0.24
EUROFLORA SRL,0.11,0.0,0.38,0.0,0.0,1.0
GREENCHEMICALS S.R.L.,0.11,0.0,0.38,0.36,2.45,0.0
VOLVO GROUP ITALIA S.P.A.,0.11,0.0,0.38,0.25,0.0,0.88
ARGOS S.P.A.,0.11,0.0,0.38,0.29,0.0,0.86
KVADRAT S.P.A.,0.11,0.0,0.38,1.66,0.0,0.17
NEOPHARMED GENTILI S.P.A.,0.11,0.0,0.38,1.82,0.27,0.0
GIUSSANI GROUP SRL,0.11,0.0,0.38,0.86,1.29,0.14
DOX-AL ITALIA S.P.A. **,0.11,0.0,0.38,0.88,0.0,0.56
ORTEA S.P.A,0.1,0.1,0.11,1.64,0.0,0.18
TAGLIABUE GOMME GROSS S.R.L.,0.1,0.14,0.0,0.0,0.0,1.0
CARGILL S.R.L.,0.1,0.0,0.34,0.0,0.0,1.0
NALCO ITALIANA S.R.L.,0.1,0.0,0.34,0.67,0.0,0.67
SHELL ITALIA OIL PRODUCTS S.R.L.,0.1,0.0,0.34,0.67,0.0,0.67
HONEYWELL S.R.L.,0.1,0.0,0.34,0.0,0.0,1.0
NICE S.R.L. MANIFATTURA TESSILE,0.1,0.0,0.34,0.13,0.0,0.93
SICAM SOCIETA' ITALIANA COMMERCIO ACCIAI E METALLI S.P.A.,0.1,0.0,0.34,0.67,0.0,0.67
ESSELUNGA SPA,0.1,0.0,0.34,1.64,0.0,0.18
GRUPPO CIMBALI S.P.A.,0.1,0.0,0.34,1.22,0.18,0.33
BABCOCK WANSON ITALIANA S.P.A.,0.1,0.0,0.34,1.83,0.0,0.09
"NESTLE' PURINA COMMERCIALE S.R.L. IN FORMA ABBREVIATA ""PUR.IT S.R.L.""",0.1,0.0,0.34,0.05,0.0,0.97
DHL SUPPLY CHAIN (ITALY) S.P.A.,0.1,0.0,0.34,0.67,0.0,0.67
INTERNATIONAL POWER COMPONENTS S.R.L.,0.1,0.0,0.34,2.0,0.0,0.0
BERETTA SRL,0.1,0.0,0.34,0.57,0.0,0.71
SIEMENS HEALTHCARE S.R.L.,0.1,0.0,0.34,0.51,0.51,0.57
OSPEDALE GALEAZZI S.P.A.,0.1,0.0,0.34,0.14,0.0,0.93
MILANO SERRAVALLE - MILANO TANGENZIALI S.P.A.,0.1,0.0,0.34,0.0,0.0,1.0
STANLEY BLACK & DECKER ITALIA S.R.L.,0.1,0.0,0.34,0.4,0.0,0.8
POSCO INTERNATIONAL ITALIA SRL,0.1,0.0,0.34,0.67,0.0,0.67
GUILLIN ITALIA S.P.A.,0.1,0.0,0.34,1.33,0.0,0.33
RIVA ACCIAIO S.P.A.,0.1,0.0,0.34,0.65,0.29,0.58
UTILITA' S.P.A.,0.1,0.0,0.34,1.86,0.0,0.07
DOW ITALIA DIVISIONE COMMERCIALE S.R.L.,0.1,0.0,0.34,1.57,0.0,0.22
HAMILTON ITALIA SRL,0.1,0.0,0.34,0.94,0.28,0.44
ARCELORMITTAL COMMERCIAL ITALY SRL,0.1,0.0,0.34,1.33,0.0,0.33
AUTOLOCATELLI S.R.L.,0.1,0.0,0.34,0.0,0.0,1.0
MARELLI SALVATORE S.R.L.,0.1,0.0,0.34,0.15,0.0,0.92
HEIDRUN EUROPLASTIC SRL,0.1,0.0,0.34,0.48,0.0,0.76
NOKIA SOLUTIONS AND NETWORKS ITALIA S.P.A. IN FORMA ABBREVIATA NSN ITALIA S.P.A.,0.1,0.0,0.34,0.18,0.0,0.91
ISA S.P.A.,0.1,0.0,0.34,1.71,0.0,0.14
ROCHE DIAGNOSTICS S.P.A. *,0.1,0.0,0.34,2.0,0.0,0.0
CEPAV (CONSORZIO ENI PER L'ALTA VELOCITA')DUE,0.1,0.0,0.34,0.88,0.0,0.56
AB MEDICA S.P.A.,0.1,0.0,0.34,0.61,0.0,0.69
CISCO PHOTONICS ITALY S.R.L,0.1,0.0,0.34,1.14,0.0,0.43
MEREGALLI IMPIANTI TERMOTECNICI S.R.L.,0.1,0.0,0.34,0.67,0.0,0.67
T.W.S. EXPRESS COURIER S.R.L.,0.1,0.0,0.34,0.0,0.0,1.0
IL SOLE 24 ORE S.P.A.,0.1,0.0,0.34,0.52,0.47,0.58
VELCRO ITALIA S.R.L.,0.1,0.0,0.34,1.2,0.0,0.4
COMMUNICATION VIDEO ENGINEERING S.R.L.,0.1,0.0,0.34,0.11,0.0,0.94
DAL CIN GILDO S.P.A.,0.1,0.0,0.34,1.38,0.0,0.31
ADVIPLAST S.P.A.,0.1,0.0,0.34,1.45,0.0,0.27
CONFORAMA ITALIA S.P.A.,0.1,0.0,0.34,0.25,0.68,0.65
WORK GROUP S.R.L.,0.1,0.0,0.34,1.17,0.0,0.42
COMPO EXPERT ITALIA S.R.L.,0.1,0.0,0.34,1.06,0.0,0.47
ELESA S.P.A.,0.1,0.0,0.34,0.69,0.0,0.65
FOOT LOCKER ITALY SRL,0.1,0.0,0.34,0.67,0.0,0.67
KNORR-BREMSE SISTEMI PER AUTOVEICOLI COMMERCIALI S.P.A.,0.1,0.0,0.34,0.33,0.0,0.83
GOGLIO S.P.A. O IN FORMA ESTESA GOGLIO LUIGI MILANO S.P.A.,0.1,0.0,0.34,1.52,0.0,0.24
SEAWAY S.R.L.,0.1,0.0,0.34,0.0,0.0,1.0
TO.MARKET S.R.L.,0.1,0.0,0.34,0.85,0.35,0.46
GAZPROM ITALIA S.P.A.,0.1,0.0,0.34,0.0,0.15,0.95
DYSON S.R.L.,0.1,0.04,0.22,0.2,0.0,0.9
FORMENTI & GIOVENZANA S.P.A. (1),0.1,0.07,0.15,0.33,0.0,0.83
E.P.M. S.P.A. **,0.09,0.0,0.3,1.25,0.0,0.38
MCI - MARZORATI COMPONENTI INDUSTRIALI SPA,0.09,0.0,0.3,0.96,0.19,0.46
PRADA S.P.A.,0.09,0.0,0.3,0.0,0.78,0.74
SOLETO S.P.A.,0.09,0.0,0.3,0.24,1.59,0.35
"""BEKO ITALY S.R.L.""",0.09,0.0,0.3,0.92,0.0,0.54
BIFIRE S.P.A.,0.09,0.0,0.3,1.66,0.0,0.17
ELECTRALINE 3PMARK SPA **,0.09,0.0,0.3,2.0,0.0,0.0
E.ON BUSINESS SOLUTIONS S.R.L.,0.09,0.0,0.3,0.67,0.0,0.67
ESSERENERGIA SPA,0.09,0.0,0.3,0.97,0.0,0.51
UNOENERGY SOCIETA' PER AZIONI,0.09,0.0,0.3,1.5,0.0,0.25
TODINI AND CO. SPA,0.09,0.0,0.3,1.11,0.0,0.44
COOPERATIVA SOCIALE AERIS A R.L.,0.09,0.0,0.3,0.12,0.0,0.94
KROLL ADVISORY HOLDING S.P.A.,0.09,0.0,0.3,1.64,0.0,0.18
RECKITT BENCKISER ITALIA SPA,0.09,0.0,0.3,0.6,0.42,0.56
CISETTE SOCIETA' CONSORTILE A RESPONSABILITA' LIMITATA,0.09,0.0,0.3,0.67,0.0,0.67
SYSTEMAIR ITALY S.R.L.,0.09,0.0,0.3,0.09,0.04,0.94
CPM SPA,0.09,0.0,0.3,1.3,0.0,0.35
CEVA SALUTE ANIMALE S.P.A.,0.09,0.0,0.3,0.22,0.5,0.72
ITALIA MARKET S.R.L.,0.09,0.0,0.3,0.2,0.0,0.9
PROMETEON TYRE GROUP S.R.L IN FORMA ABBREVIATA PTG S.R.L.,0.09,0.0,0.3,0.88,0.0,0.56
LEADING TECHNOLOGIES S.R.L.,0.09,0.0,0.3,0.51,0.0,0.74
INDUSTRIES S.P.A.,0.09,0.0,0.3,0.91,0.0,0.55
LEBEN INGREDIENTS S.R.L.,0.09,0.0,0.3,1.17,0.0,0.42
CEDACRI S.P.A.,0.09,0.0,0.3,0.87,0.0,0.56
LEGO S.P.A.,0.09,0.0,0.3,0.52,0.0,0.74
CANDY S.P.A.,0.09,0.0,0.3,0.84,0.0,0.58
DISCOVERY ITALIA S.R.L.,0.09,0.0,0.3,0.11,0.0,0.95
MA.SI GROUP S.R.L.,0.09,0.0,0.3,0.11,0.0,0.94
CAIMI BREVETTI S.P.A.,0.09,0.0,0.3,0.97,0.0,0.51
CAB SRL,0.09,0.0,0.3,0.0,0.0,1.0
DNP PHOTOMASK EUROPE S.P.A.,0.09,0.0,0.3,1.05,0.0,0.48
BERLIN PACKAGING ITALY S.P.A.,0.09,0.0,0.3,1.33,0.0,0.34
MESSAGGERIE LIBRI S.P.A.,0.09,0.0,0.3,0.0,0.69,0.77
AMAZON ONLINE ITALY S.R.L.,0.09,0.0,0.3,0.39,0.0,0.81
SAFETEC S.R.L.,0.09,0.0,0.3,0.44,1.0,0.44
PERFETTI VAN MELLE S.P.A.,0.09,0.0,0.3,0.86,0.0,0.57
ARCA POLIMERI S.R.L.,0.09,0.0,0.3,1.11,0.0,0.44
WESTCON GROUP ITALIA S.R.L.,0.09,0.0,0.3,0.34,0.0,0.83
WHIRLPOOL ITALIA S.R.L.,0.09,0.0,0.3,1.11,0.0,0.44
GRUPPO VRV S.R.L. (2),0.09,0.0,0.3,0.79,0.0,0.6
MEKTECH SRL,0.09,0.0,0.3,0.9,0.45,0.4
WHIRLPOOL MANAGEMENT EMEA SRL,0.09,0.0,0.3,0.32,0.0,0.84
SIDAS S.P.A. SOCIETA' ITALIANA DISTRIBUZIONE ARTICOLI SPORTIVI **,0.09,0.0,0.3,0.05,0.0,0.98
"ALIMENTARIA VALDINIEVOLE S.P.A. PIU' BREVEMENTE INDICATA COME: ""ALIVAL S.P.A.""",0.09,0.0,0.3,0.11,0.0,0.95
NICHEL LEGHE SPA,0.09,0.0,0.3,0.33,0.0,0.83
SERVIZI ENERGIA ITALIA S.P.A.,0.09,0.0,0.3,2.0,0.0,0.0
EURONICS ITALIA S.P.A.,0.09,0.0,0.3,0.0,0.0,1.0
WOODTECH ITALIA S.R.L.,0.09,0.0,0.3,1.5,0.0,0.25
AGILENT TECHNOLOGIES ITALIA S.P.A.,0.09,0.0,0.3,0.0,0.0,1.0
O.A. LISSONE S.R.L.,0.09,0.0,0.3,0.0,0.75,0.75
OFF-WHITE OPERATING S.R.L,0.09,0.0,0.3,0.15,0.0,0.92
OFFERTA SOCIALE AZIENDA SPECIALE CONSORTILE,0.09,0.0,0.3,0.0,0.0,1.0
G.A.I.A. HOLDING S.R.L.,0.09,0.0,0.3,0.09,0.0,0.95
A. AGRATI S.P.A.,0.09,0.0,0.3,1.14,0.0,0.43
"""REPOWER VENDITA ITALIA S.P.A."" - IN FORMA ABBREVIATA ""REPOWER S.P.A.""",0.09,0.0,0.3,0.09,0.0,0.95
OPTIMUM MEDIA DIRECTION S.R.L. IN BREVE OMD S.R.L.,0.09,0.0,0.3,0.09,0.0,0.95
GF MACHINING SOLUTIONS SPA,0.09,0.0,0.3,1.65,0.0,0.17
SMC ITALIA SPA,0.09,0.0,0.3,1.16,0.87,0.13
REAL FORMAGGI SRL,0.09,0.0,0.3,0.0,0.0,1.0
"AZIENDA REGIONALE PER L'INNOVAZIONE E GLI ACQUISTI S.P.A., IN BREVE ""ARIA S.P.A.""",0.09,0.0,0.3,1.0,0.0,0.5
ARTHEA GROUP S.R.L.,0.09,0.0,0.3,1.14,0.0,0.43
BAYWA R.E. ENERGY TRADING S.R.L.,0.09,0.0,0.3,1.77,0.0,0.11
AZELIS ITALIA S.R.L.,0.09,0.0,0.3,1.12,0.0,0.44
BENNET S.P.A.,0.09,0.0,0.3,0.83,0.0,0.59
MITSUI E&P ITALIA B S.R.L.,0.09,0.0,0.3,0.77,0.0,0.62
PLATINO SRL,0.09,0.0,0.3,0.18,0.0,0.91
ROCHE SOCIETA' PER AZIONI,0.09,0.0,0.3,2.0,0.0,0.0
BECKHOFF AUTOMATION S.R.L.,0.09,0.0,0.3,0.89,0.0,0.56
HENNECKE-OMS S.P.A.,0.09,0.0,0.3,1.13,0.0,0.44
MICRON SEMICONDUCTOR ITALIA S.R.L.,0.09,0.0,0.3,1.3,0.0,0.35
ENGINEERING 2K S.P.A.,0.09,0.0,0.3,2.0,0.0,0.0
OCV ITALIA S.R.L.,0.08,0.0,0.26,0.65,0.21,0.6
LA RINASCENTE S.P.A,0.08,0.0,0.26,0.12,1.36,0.48
CHEMETALL ITALIA S.R.L.,0.08,0.0,0.26,1.06,0.0,0.47
OERLIKON BALZERS COATING ITALY S.P.A.,0.08,0.0,0.26,0.56,0.0,0.72
TESSITURA ORESTE MARIANI S.P.A.,0.08,0.0,0.26,0.62,0.56,0.5
TEVA ITALIA S.R.L.,0.08,0.0,0.26,1.48,0.0,0.26
O.M.M. SRL DELL'ING. ROBERTO NATALE MARIANI,0.08,0.0,0.26,0.67,0.0,0.67
ACCENTURE TECHNOLOGY SOLUTIONS S.R.L.,0.08,0.0,0.26,1.7,0.0,0.15
AARTEE DISTRIBUZIONE ITALIA SRL,0.08,0.0,0.26,1.0,0.0,0.5
PLAX S.P.A. **,0.08,0.0,0.26,1.0,0.5,0.33
TECNOIDEA IMPIANTI S.R.L.,0.08,0.0,0.26,1.2,0.0,0.4
P. & C. PRODUCTS S.R.L.,0.08,0.0,0.26,0.33,0.0,0.83
OREC NETWORK SOCIETA' CONSORTILE A R.L.,0.08,0.0,0.26,0.1,0.0,0.95
"""COVISIAN SOCIETA' PER AZIONI"" O, IN FORMA ABBREVIATA ""COVISIAN S.P.A.""",0.08,0.0,0.26,0.09,0.0,0.95
O.M.V. OFFICINE METALLURGICHE VENTURA S.P.A.,0.08,0.0,0.26,0.22,0.0,0.89
BRIVAPLAST S.R.L.,0.08,0.0,0.26,0.55,0.0,0.73
VALENTINO S.P.A.,0.08,0.0,0.26,0.19,0.43,0.76
LUXOTTICA GROUP SPA,0.08,0.0,0.26,1.1,0.0,0.45
WAYNE FUELING SYSTEMS ITALIA S.R.L.,0.08,0.0,0.26,1.43,0.0,0.29
MAPEI S.P.A.,0.08,0.0,0.26,0.72,0.0,0.64
MAPRO INTERNATIONAL MACCHINE PNEUMATICHE ROTATIVE S.P.A.,0.08,0.0,0.26,1.24,0.31,0.28
MAER ITALIA SOCIETA' A RESPONSABILITA' LIMITATA,0.08,0.0,0.26,1.56,0.0,0.22
MONT-ELE SRL,0.08,0.0,0.26,0.0,0.0,1.0
PENTA PETROLI SRL,0.08,0.0,0.26,0.4,0.0,0.8
BRICO IO S.P.A.,0.08,0.0,0.26,0.36,0.41,0.68
ARDEMAGNI S.P.A.,0.08,0.0,0.26,1.43,0.0,0.29
VOLVO GROUP RETAIL ITALIA S.R.L.,0.08,0.0,0.26,0.09,0.0,0.96
BUILDING SERVICES BRIANZA SRL,0.08,0.0,0.26,0.36,0.32,0.71
AMAZON ITALIA TRANSPORT S.R.L.,0.08,0.0,0.26,0.39,0.22,0.73
LOGICOM ITALIA S.R.L.,0.08,0.0,0.26,0.53,0.0,0.74
"PRIME GREEN SOLUTIONS BENEFIT S.P.A. O IN FORMA ABBREVIATA ""PRIME GREEN SOLUTIONS S.P.A. SB""",0.08,0.0,0.26,0.1,0.0,0.95
CBS LAVORO S.P.A.,0.08,0.0,0.26,0.22,0.0,0.89
"CCS JV S.C.A R.L. O, IN FORMA ABBREVIATA CCS S.C.A R.L.",0.08,0.0,0.26,0.17,0.0,0.92
AVNET EMG ITALY S.R.L.,0.08,0.0,0.26,0.51,0.23,0.67
VIAVI SOLUTIONS ITALIA S.R.L.,0.08,0.0,0.26,0.78,0.0,0.61
WINOA ITALIA S.R.L.,0.08,0.0,0.26,0.8,0.0,0.6
BERETTA ALFREDO S.R.L.,0.08,0.0,0.26,2.0,0.0,0.0
SAMSUNG ELECTRONICS ITALIA S.P.A.,0.08,0.0,0.26,0.52,0.0,0.74
"CONNECT CHEMICALS ITALIA SRL O, IN BREVE CCI SRL",0.08,0.0,0.26,0.11,0.0,0.95
S.E.A.M. SRL SERVIZI ECOLOGICI AMBIENTALI MISINTO,0.08,0.0,0.26,0.21,0.47,0.74
"ITALATTE SOCIETA' A RESPONSABILITA' LIMITATA IN BREVE ""ITALATTE S .R.L.""",0.08,0.0,0.26,0.25,0.0,0.88
DE WAVE S.R.L.,0.08,0.0,0.26,2.0,0.0,0.0
SKECHERS USA ITALIA S.R.L.,0.08,0.0,0.26,0.04,0.0,0.98
STILL S.P.A.,0.08,0.0,0.26,0.12,0.0,0.94
ROTOLITO S.P.A.,0.08,0.0,0.26,0.45,0.0,0.77
HELUKABEL ITALIA S.R.L.,0.08,0.0,0.26,0.63,0.0,0.68
DIFARCO S.R.L.,0.08,0.0,0.26,0.0,0.0,1.0
EUROFED S.R.L.,0.08,0.0,0.26,0.78,0.0,0.61
HERMES ITALIE S.P.A.,0.08,0.0,0.26,0.22,0.0,0.89
STAR INDUSTRIALE S.R.L.,0.08,0.0,0.26,0.53,0.95,0.42
EMAR GIANNOBI S.R.L.,0.08,0.0,0.26,0.84,0.47,0.42
DITTA COLOMBO BIAGIO S.R.L.,0.08,0.0,0.26,0.4,0.0,0.8
RO.LA.FER. S.P.A.,0.08,0.0,0.26,0.67,0.0,0.67
ELETTRONICA INDUSTRIALE SPA,0.08,0.0,0.26,0.27,0.0,0.86
I.V.M. S.P.A.,0.08,0.0,0.26,2.0,0.0,0.0
ELACHEM S.P.A.,0.08,0.0,0.26,0.92,0.0,0.54
INDES IMBALLAGGI SRL,0.08,0.0,0.26,0.5,0.0,0.75
F.LLI MOLTENI S.P.A.,0.08,0.0,0.26,0.14,0.0,0.93
E.P.CART S.R.L.,0.08,0.0,0.26,0.4,0.0,0.8
GIORGETTI S.P.A.,0.08,0.0,0.26,0.55,0.41,0.59
GIORGIO ARMANI RETAIL S.R.L. IN FORMA ABBREVIATA G.A. RETAIL S.R.L.,0.08,0.0,0.26,0.29,0.0,0.86
SANGECO SOCIETA' CONSORTILE A R.L.,0.08,0.0,0.26,0.0,0.0,1.0
GIANETTI FAD WHEELS S.R.L.,0.08,0.0,0.26,0.4,0.0,0.8
CORIONI S.R.L.,0.08,0.0,0.26,1.0,0.0,0.5
"GLAXOSMITHKLINE CONSUMER HEALTHCARE S.R.L. IN BREVE ""GLAXOSMITHKLINE CH S.R.L."", ""GSK CONSUMER HEALTHCARE S.R.L."", ""GSK CH S.R.L.""",0.08,0.0,0.26,0.0,0.0,1.0
INGRAM MICRO S.R.L.,0.07,0.07,0.08,1.0,0.0,0.5
LEROY MERLIN ITALIA S.R.L.,0.07,0.1,0.0,2.0,0.0,0.0
HYUNDAI MOTOR COMPANY ITALY S.R.L.,0.07,0.0,0.22,0.4,0.0,0.8
ERRE-CI-A S.P.A.,0.07,0.0,0.22,0.5,0.0,0.75
BBB S.P.A.,0.07,0.0,0.22,0.32,0.0,0.84
ENGICO SRL,0.07,0.0,0.22,0.32,0.0,0.84
ENGEL ITALIA SRL,0.07,0.0,0.22,0.98,0.42,0.37
BECKMAN COULTER S.R.L.,0.07,0.0,0.22,0.0,0.0,1.0
G.A. OPERATIONS S.P.A.,0.07,0.0,0.22,0.18,0.0,0.91
ACCENTURE FINANCIAL ADVANCED SOLUTIONS & TECHNOLOGY S.R.L.,0.07,0.0,0.22,1.6,0.0,0.2
TCT MOBILE ITALY S.R.L.,0.07,0.0,0.22,0.67,0.0,0.67
I & D S.R.L.,0.07,0.0,0.22,0.0,0.0,1.0
ACCIAIERIE D'ITALIA S.P.A.,0.07,0.0,0.22,0.09,0.14,0.91
MELCHIONI S.P.A.,0.07,0.0,0.22,0.75,0.0,0.62
A.M.G. S.P.A.,0.07,0.0,0.22,0.77,0.0,0.62
POLIFIBRA 2011 S.P.A.,0.07,0.0,0.22,0.4,0.0,0.8
I.R.L. S.R.L.,0.07,0.0,0.22,0.29,0.0,0.86
SAN CARLO GRUPPO ALIMENTARE S.P.A.,0.07,0.0,0.22,0.25,0.0,0.88
GARO DOTT.ING.ROBERTO GABBIONETA S.R.L.,0.07,0.0,0.22,0.76,0.43,0.48
BLUEIT S.P.A. SOCIETA' BENEFIT,0.07,0.0,0.22,2.0,0.0,0.0
SORBARA AUTO S.R.L.,0.07,0.0,0.22,0.0,0.0,1.0
HOMAG ITALIA S.P.A.,0.07,0.0,0.22,0.61,0.0,0.7
NOKIA SOLUTIONS AND NETWORKS ITALIA S.P.A.,0.07,0.0,0.22,0.17,0.0,0.92
ESTEE LAUDER S.R.L.,0.07,0.0,0.22,0.1,0.0,0.95
AGENZIA ANTONIO PIROVANO S.R.L.,0.07,0.0,0.22,0.0,0.0,1.0
GRUPPO APROCHIMIDE,0.07,0.0,0.22,1.0,0.3,0.4
PEG PEREGO S.P.A.,0.07,0.0,0.22,0.3,0.0,0.85
AMBER S.R.L.,0.07,0.0,0.22,0.67,0.0,0.67
PATHEON ITALIA S.P.A.,0.07,0.0,0.22,0.15,0.0,0.92
GSR TECHNOLOGY ITALY S.R.L.,0.07,0.0,0.22,2.0,0.0,0.0
FOODEX S.R.L.,0.07,0.0,0.22,0.0,0.0,1.0
F.A.I.R. S.R.L.,0.07,0.0,0.22,0.0,0.0,1.0
MULTITEL PAGLIERO S.P.A.,0.07,0.0,0.22,0.0,0.0,1.0
AMBU S.R.L.,0.07,0.0,0.22,0.49,0.1,0.72
SKILLS IN HEALTHCARE ITALIA S.R.L.,0.07,0.0,0.22,0.67,0.0,0.67
SACCHI GIUSEPPE S.P.A.,0.07,0.0,0.22,0.4,0.33,0.69
BORSA ITALIANA S.P.A.,0.07,0.0,0.22,0.97,0.0,0.51
EURONET PAY & TRANSACTION SERVICES S.R.L,0.07,0.0,0.22,0.4,0.0,0.8
PHD S.R.L.,0.07,0.0,0.22,0.57,0.0,0.71
ARCO LOGISTICA S.R.L.,0.07,0.0,0.22,0.0,0.0,1.0
FORTINET SECURITY ITALY S.R.L.,0.07,0.0,0.22,0.11,0.0,0.95
HELM ITALIA SRL,0.07,0.0,0.22,0.33,0.0,0.83
FRESH TROPICAL SRL BY JAWAD,0.07,0.0,0.22,0.0,0.0,1.0
SAVE S.P.A.,0.07,0.0,0.22,0.6,0.0,0.7
SMITHS DETECTION ITALIA S.R.L.,0.07,0.0,0.22,0.53,0.0,0.74
EURO-TRADE SPA,0.07,0.0,0.22,0.1,0.0,0.95
PLAYMOBIL ITALIA S.R.L.,0.07,0.0,0.22,0.55,0.0,0.73
DVG DE VECCHI S.R.L.,0.07,0.0,0.22,0.62,0.56,0.5
MAN AND MACHINE SOFTWARE S.R.L.,0.07,0.0,0.22,0.75,0.0,0.62
CAIRORCS MEDIA S.P.A.,0.07,0.0,0.22,0.46,0.0,0.77
RETITALIA S.P.A.,0.07,0.0,0.22,0.0,0.0,1.0
JOHN CRANE ITALIA S.P.A.,0.07,0.0,0.22,0.71,0.0,0.64
MAB S.P.A.,0.07,0.0,0.22,1.38,0.0,0.31
STONEX S.R.L.,0.07,0.0,0.22,0.51,0.0,0.74
L.A.I.E.F. S.R.L. LAVORAZIONI ACCIAIO INOX E FERRO S.R.L.,0.07,0.0,0.22,0.4,0.0,0.8
M.E. S.P.A.,0.07,0.0,0.22,0.0,0.47,0.84
INTERCOS EUROPE S.P.A.,0.07,0.0,0.22,1.11,0.0,0.44
SYNERGY S.R.L.,0.07,0.0,0.22,1.06,0.0,0.47
CAPSULIT S.P.A.,0.07,0.0,0.22,1.06,0.0,0.47
PREVIERO N. - S.R.L.,0.07,0.0,0.22,0.4,0.0,0.8
TRENORD S.R.L.,0.07,0.0,0.22,0.2,0.0,0.9
RESSTENDE S.R.L.,0.07,0.0,0.22,1.33,0.0,0.33
LIMA EUSIDER S.R.L.,0.07,0.0,0.22,1.33,0.0,0.33
D.N.P. INDUSTRIALE SRL,0.07,0.0,0.22,0.88,0.0,0.56
C.MATIC S.P.A.,0.07,0.0,0.22,0.0,0.0,1.0
PRYSMIAN POWERLINK S.R.L.,0.07,0.0,0.22,0.03,0.06,0.96
KOLMAR ITALIA S.R.L.,0.07,0.0,0.22,1.11,0.0,0.44
CONSORZIO LOMBARDO PER LA RIQUALIFICAZIONE ENERGETICA,0.07,0.0,0.22,0.67,0.0,0.67
KA.BO.FER. SRL,0.07,0.0,0.22,0.5,0.0,0.75
CO.MA.CO. 51 S.R.L.,0.07,0.0,0.22,0.25,0.0,0.88
CO.PA.DA. S.R.L.,0.07,0.0,0.22,0.29,0.0,0.86
S.T.T. SERVIZI TELEMATICI TELEFONICI SRL,0.06,0.0,0.19,0.25,0.0,0.88
GIAMBELLI S.P.A.,0.06,0.0,0.19,0.4,0.0,0.8
SACCARTA SPA,0.06,0.0,0.19,0.0,0.0,1.0
RECKITT BENCKISER HEALTHCARE (ITALIA) S.P.A.,0.06,0.0,0.19,0.4,0.0,0.8
ALFAMATION S.P.A.,0.06,0.0,0.19,1.76,0.0,0.12
"""NOVARTIS FARMA SPA""",0.06,0.0,0.19,0.25,0.0,0.88
THE SWATCH GROUP (ITALIA) S.P.A.,0.06,0.0,0.19,0.6,0.36,0.58
ACHILLE VALERA LISSONI S.R.L.,0.06,0.0,0.19,0.0,0.0,1.0
CONTRACT DIVISION S.R.L.,0.06,0.0,0.19,0.4,0.0,0.8
REDA S.P.A.,0.06,0.0,0.19,0.26,0.0,0.87
GRUPPO FONTANA (1),0.06,0.0,0.19,0.63,0.0,0.68
AMAZON ITALIA LOGISTICA S.R.L.,0.06,0.0,0.19,1.16,0.0,0.42
S.C.A.R. REFRIGERAZIONE S.R.L.,0.06,0.0,0.19,1.35,0.0,0.32
RENATO CORTI S.P.A.,0.06,0.0,0.19,0.33,0.3,0.73
ALL SRL,0.06,0.0,0.19,0.2,0.0,0.9
ALCON ITALIA S.P.A.,0.06,0.0,0.19,1.25,1.12,0.0
NICKEL AND CO S.R.L.,0.06,0.0,0.19,0.67,0.0,0.67
SALES CONSULTING - SOCIETA' A RESPONSABILITA' LIMITATA,0.06,0.0,0.19,0.4,0.0,0.8
P.O.S.A. - S.P.A.,0.06,0.0,0.19,0.49,0.0,0.76
GIELLEPI S.P.A.,0.06,0.0,0.19,0.4,1.2,0.4
PELBO S.P.A.,0.06,0.0,0.19,0.92,0.0,0.54
SAMP S.P.A.,0.06,0.0,0.19,1.04,0.0,0.48
FLAME SPRAY S.P.A.,0.06,0.0,0.19,0.4,0.0,0.8
TEKMAG S.R.L.,0.06,0.0,0.19,0.0,0.0,1.0
AGRATE MOTORI 2 S.R.L.,0.06,0.0,0.19,0.0,0.0,1.0
FLEXFORM - S.P.A.,0.06,0.0,0.19,0.55,0.0,0.73
TELEFLEX MEDICAL S.R.L.,0.06,0.0,0.19,0.44,1.0,0.44
KURSANA LUNGA VITA SOCIETA' COOPERATIVA SOCIALE - ONLUS,0.06,0.0,0.19,0.91,0.0,0.55
OLISERVICE S.R.L.,0.06,0.0,0.19,0.77,0.0,0.62
GIUSEPPE CITTERIO SALUMIFICIO S.P.A. IN BREVE GIUSEPPE CITTERIO S.P.A.,0.06,0.0,0.19,0.15,0.0,0.92
FRETTE S.R.L.,0.06,0.0,0.19,0.3,0.45,0.7
LATTERIA NOEM SRL,0.06,0.0,0.19,1.0,0.0,0.5
LCS S.P.A.,0.06,0.0,0.19,0.22,0.0,0.89
BONETTI S.R.L.,0.06,0.0,0.19,0.0,0.0,1.0
UNIMEC SPA,0.06,0.0,0.19,0.71,0.0,0.65
HSG S.R.L.,0.06,0.0,0.19,0.67,0.0,0.67
BE.CO. COMMERCIALE ITALIA SRL,0.06,0.0,0.19,0.67,0.0,0.67
TUBI THOR S.P.A.,0.06,0.0,0.19,1.09,0.0,0.45
MAKIRA S.R.L.,0.06,0.0,0.19,0.0,0.0,1.0
I.D.I. EVOLUTION S.R.L.,0.06,0.0,0.19,1.0,0.0,0.5
ELLEMOTORS S.R.L.,0.06,0.0,0.19,0.0,0.0,1.0
MEDTRONIC ITALIA S.P.A.,0.06,0.0,0.19,0.57,0.43,0.57
ELIOGAS SRL,0.06,0.0,0.19,0.8,0.0,0.6
BURCKHARDT COMPRESSION (ITALIA) S.R.L.,0.06,0.0,0.19,0.43,0.64,0.57
MIFLEX 2 S.P.A.,0.06,0.0,0.19,0.5,0.0,0.75
REVEVOL ITALIA S.R.L.,0.06,0.0,0.19,0.4,0.0,0.8
RO + TEN S.R.L.,0.06,0.0,0.19,0.0,0.0,1.0
BICASA S.R.L.,0.06,0.0,0.19,2.0,0.0,0.0
MANUFACTURES DIOR S.R.L.,0.06,0.0,0.19,0.67,0.0,0.67
RIALTO S.P.A.,0.06,0.0,0.19,0.17,0.0,0.92
BKW ITALIA S.P.A.,0.06,0.0,0.19,0.55,0.0,0.73
SORIN GROUP ITALIA SRL,0.06,0.0,0.19,0.25,0.0,0.88
EBV ELEKTRONIK S.R.L.,0.06,0.0,0.19,0.12,0.0,0.94
INSIGHT TECHNOLOGY SOLUTIONS S.R.L.,0.06,0.0,0.19,2.0,0.0,0.0
VELP SCIENTIFICA S.R.L.,0.06,0.0,0.19,1.09,0.0,0.45
LUIGI FEDELI E FIGLIO S.R.L.,0.06,0.0,0.19,1.0,0.0,0.5
RONZONI S.R.L.,0.06,0.0,0.19,0.86,0.0,0.57
TOSHIBA GLOBAL COMMERCE SOLUTIONS (ITALY) S.R.L.,0.06,0.0,0.19,0.67,0.0,0.67
ASG S.P.A.,0.06,0.0,0.19,0.67,0.0,0.67
HANKOOK TIRE ITALIA S.R.L.,0.06,0.0,0.19,0.0,0.0,1.0
DEVERO GROUP SRL,0.06,0.0,0.19,0.0,0.0,1.0
STARTRADE S.R.L.,0.06,0.0,0.19,0.5,0.0,0.75
ROTTAPHARM S.P.A.,0.06,0.0,0.19,0.62,0.0,0.69
LUTECH S.P.A.,0.06,0.0,0.19,1.0,0.35,0.38
DEMAG CRANES & COMPONENTS S.R.L.,0.06,0.0,0.19,0.09,0.0,0.95
P.M. INTERNATIONAL ITALIA S.R.L.,0.04,0.0,0.15,0.71,0.64,0.43
SANT'ANDREA SOCIETA' COOPERATIVA SOCIALE,0.04,0.0,0.15,0.53,0.0,0.74
SINCO WOOD S.R.L.,0.04,0.0,0.15,0.25,0.0,0.88
VEFER S.P.A.,0.04,0.0,0.15,2.0,0.0,0.0
TECON S.P.A.,0.04,0.0,0.15,0.55,0.0,0.73
SPECIALTRASFO S.P.A.,0.04,0.0,0.15,0.0,0.0,1.0
PROMIGROUP SRL,0.04,0.0,0.15,0.91,0.0,0.55
SPOTTI S.R.L.,0.04,0.0,0.15,1.0,0.0,0.5
SUAREZ COMPANY S.R.L.,0.04,0.0,0.15,0.33,0.0,0.83
PRYSMIAN CAVI E SISTEMI ITALIA S.R.L.,0.04,0.0,0.15,0.04,0.07,0.95
WATTS INDUSTRIES ITALIA S.R.L.,0.04,0.0,0.15,1.64,0.0,0.18
SO.FARMA.MORRA S.P.A.,0.04,0.0,0.15,0.35,0.0,0.82
RESINE ISOLANTI O.DIENA S.R.L,0.04,0.0,0.15,1.0,0.0,0.5
TAMINI TRASFORMATORI S.R.L.,0.04,0.0,0.15,0.46,0.0,0.77
VIMOTER SPA,0.04,0.0,0.15,0.4,0.0,0.8
UNICOAL SPA,0.04,0.0,0.15,0.5,0.75,0.5
TAF ABRASIVI S.P.A.,0.04,0.0,0.15,0.67,0.0,0.67
PANASONIC HEATING & VENTILATION AIR CONDITIONING ITALY S.R.L.,0.04,0.0,0.15,0.3,0.0,0.85
STMICROELECTRONICS S.R.L. (1),0.04,0.0,0.15,0.31,0.0,0.85
VERNICIATURE D'ARCORE SRL,0.04,0.0,0.15,0.0,0.0,1.0
T.D.M. S.R.L.,0.04,0.0,0.15,0.67,0.0,0.67
SESTO AUTOVEICOLI S.P.A.,0.04,0.0,0.15,0.5,0.0,0.75
VENUS SPA,0.04,0.0,0.15,0.0,0.0,1.0
TESLA ITALY S.R.L.,0.04,0.0,0.15,0.5,0.0,0.75
ZERO+4 S.R.L.,0.04,0.0,0.15,0.0,3.0,0.0
ORTOFIN SRL,0.04,0.0,0.15,0.4,0.0,0.8
ANGELO CREMONA SPA,0.04,0.0,0.15,0.67,0.0,0.67
BRICOMAN ITALIA S.R.L.,0.04,0.0,0.15,0.4,0.0,0.8
GRUPPO DESA S.P.A.,0.04,0.0,0.15,2.0,0.0,0.0
GRUPPO GIMOKA S.P.A.,0.04,0.0,0.15,1.23,0.0,0.39
GRUPPO SHOP SRL,0.04,0.0,0.15,0.25,0.0,0.88
BONOMI PATTINI GIUSEPPE E FIGLI S.P.A.,0.04,0.0,0.15,1.22,0.0,0.39
HAWORTH ITALY HOLDING S.R.L.,0.04,0.0,0.15,0.77,0.0,0.62
BIZERBA SOCIETA' PER AZIONI,0.04,0.0,0.15,0.33,0.0,0.83
HUMANITAS MIRASOLE S.P.A.,0.04,0.0,0.15,1.06,0.0,0.47
BIG S.R.L.,0.04,0.0,0.15,0.0,0.0,1.0
IMPERIAL SRL,0.04,0.0,0.15,0.5,0.0,0.75
IMPRECOM S.R.L.,0.04,0.0,0.15,1.5,0.0,0.25
BEA GESTIONI SPA,0.04,0.0,0.15,0.91,0.0,0.55
INDUSTRIE CBI S.P.A. **,0.04,0.0,0.15,0.4,0.0,0.8
INDUSTRY BUSINESS EUROPEAN SRL,0.04,0.0,0.15,0.67,0.0,0.67
INFORMATION DEVELOPMENT AND AUTOMATION S.R.L.,0.04,0.0,0.15,0.67,0.0,0.67
AUTOTORINO S.P.A.,0.04,0.0,0.15,0.22,0.0,0.89
JANSSEN CILAG S.P.A.,0.04,0.0,0.15,0.21,0.47,0.74
JOHN ZINK HAMWORTHY COMBUSTION S.R.L.,0.04,0.0,0.15,0.58,0.0,0.71
ATALA S.P.A.,0.04,0.0,0.15,0.0,0.0,1.0
KLA TENCOR ITALY S.R.L.,0.04,0.0,0.15,0.67,0.0,0.67
L'ISOLANTE K-FLEX SOCIETA' PER AZIONI,0.04,0.0,0.15,0.56,0.5,0.56
ARDUINO S.R.L.,0.04,0.0,0.15,0.29,0.0,0.86
LAGOGEL S.R.L.,0.04,0.0,0.15,0.4,0.0,0.8
LASER - SOCIETA' CONSORTILE A RESPONSABILITA' LIMITATA,0.04,0.0,0.15,0.29,0.0,0.86
LIBRERIE FELTRINELLI S.R.L.,0.04,0.0,0.15,0.0,1.2,0.6
C.I.M.A. COMPAGNIA ITALIANA MOLLE ACCIAIO S.P.A.,0.04,0.0,0.15,1.16,0.0,0.42
GOOGLE ITALY S.R.L.,0.04,0.0,0.15,0.5,0.0,0.75
GOOGLE CLOUD ITALY SRL,0.04,0.0,0.15,0.14,0.31,0.83
ORGANIKE S.R.L.,0.04,0.0,0.15,0.33,0.0,0.83
CRIPPACAMPEGGIO S.R.L.,0.04,0.0,0.15,1.27,0.0,0.36
D.M.B. S.R.L.,0.04,0.0,0.15,0.67,0.0,0.67
COOK ITALIA S.R.L.,0.04,0.0,0.15,0.5,0.0,0.75
DCG S.R.L.,0.04,0.0,0.15,1.0,0.0,0.5
"CONSORZIO COMUNITA' BRIANZA SOCIETA' COOPERATIVA SOCIALE - IMPRES A
SOCIALE",0.04,0.0,0.15,0.6,0.9,0.4
COMPO ITALIA S.R.L.,0.04,0.0,0.15,0.95,0.0,0.53
COMIECO CONSORZIO NAZIONALE PER IL RECUPERO ED IL RICICLO DEGLI I MBALLAGGI A BASE CELLULOSICA,0.04,0.0,0.15,1.43,0.0,0.29
ESSEGOMMA - S.P.A.,0.04,0.0,0.15,0.0,0.0,1.0
ETRO S.P.A.,0.04,0.0,0.15,0.0,0.43,0.86
EUROTUBI EUROPA SRL,0.04,0.0,0.15,0.0,0.0,1.0
CITY MOTORS S.R.L.,0.04,0.0,0.15,0.0,0.0,1.0
EZI S.P.A.,0.04,0.0,0.15,0.5,0.0,0.75
GOLEM.COM S.R.L.,0.04,0.0,0.15,0.4,0.0,0.8
"F.A.R.O. FABBRICA APPARECCHIATURE RAZIONALI ODONTOIATRICHE SOCIETA' PER
AZIONI",0.04,0.0,0.15,0.67,0.0,0.67
F.I.R.M.A. ITALIA SPA,0.04,0.0,0.15,0.4,0.0,0.8
CHEMI - S.P.A.,0.04,0.0,0.15,1.04,0.0,0.48
FRAMORPOWER SRL,0.04,0.0,0.15,0.4,0.0,0.8
CENTREX ITALIA S.P.A.,0.04,0.0,0.15,0.0,0.0,1.0
CARTARIA MONZESE S.R.L.,0.04,0.0,0.15,0.0,0.0,1.0
GARNET S.R.L.,0.04,0.0,0.15,0.0,0.0,1.0
GEN AGRI S.R.L.,0.04,0.0,0.15,0.59,0.0,0.71
GIORGIO ARMANI S.P.A.,0.04,0.0,0.15,0.0,0.0,1.0
GIVIDI FABRICS S.R.L.,0.04,0.0,0.15,0.67,0.0,0.67
GN AUDIO ITALY S.R.L.,0.04,0.0,0.15,0.77,0.0,0.62
APPLE RETAIL ITALIA S.R.L.,0.04,0.0,0.15,0.14,0.0,0.93
CP TECHNOLOGY S.R.L.,0.04,0.0,0.15,0.77,0.0,0.62
MYLAN ITALIA S.R.L.,0.04,0.0,0.15,0.0,0.0,1.0
MIRETTI S.R.L.,0.04,0.0,0.15,0.0,0.0,1.0
MECAIR SRL,0.04,0.0,0.15,0.33,0.5,0.67
MEREGALLI GIUSEPPE S.P.A.,0.04,0.0,0.15,0.48,0.36,0.64
ALUTRADE S.R.L.,0.04,0.0,0.15,1.2,0.0,0.4
O.M.E.M. S.P.A. OFFICINE MECCANICHE ERBA-MONZA,0.04,0.0,0.15,0.5,0.0,0.75
MILANOFIORI SVILUPPO S.R.L.,0.04,0.0,0.15,0.68,0.22,0.59
MARS ITALIA S.P.A.,0.04,0.0,0.15,0.0,0.0,1.0
ALLIANCE MEDICAL ITALIA S.R.L.,0.04,0.0,0.15,0.5,0.75,0.5
MODAR S.P.A.,0.04,0.0,0.15,0.6,0.9,0.4
GROUPE SEB ITALIA S.P.A.,0.03,0.0,0.11,0.22,0.0,0.89
CHATEAU D'AX S.P.A.,0.03,0.0,0.11,0.33,0.0,0.83
CGT EDILIZIA S.P.A.,0.03,0.0,0.11,0.86,0.0,0.57
DEMASTEEL S.R.L.,0.03,0.0,0.11,0.0,0.0,1.0
FLAMEGAL CO. SRL,0.03,0.0,0.11,0.0,0.0,1.0
PASTIFICIO CERATI SRL,0.03,0.0,0.11,0.67,0.0,0.67
SCATOLIFICIO ANGELO GARIBOLDI SRL,0.03,0.0,0.11,1.2,0.0,0.4
FULL METALS S.R.L.,0.03,0.0,0.11,0.0,0.0,1.0
NPI ITALIA S.R.L.,0.03,0.0,0.11,0.93,0.0,0.53
CARTA STAMPA S.R.L.,0.03,0.0,0.11,0.67,0.0,0.67
DARTON S.R.L.,0.03,0.0,0.11,0.55,0.0,0.73
SANYANG ITALIA S.R.L.,0.03,0.0,0.11,0.46,0.0,0.77
ANGELO ROCCA & FIGLI S.R.L.,0.03,0.0,0.11,1.2,0.0,0.4
CAREMOLI S.P.A.,0.03,0.0,0.11,2.0,0.0,0.0
BUSCH ITALIA S.R.L.,0.03,0.0,0.11,0.0,0.9,0.7
S.I.D.EM. SPA,0.03,0.0,0.11,0.5,0.0,0.75
S.I.P. SOCIETA' ITALIANA PROTOTIPI S.R.L.,0.03,0.0,0.11,0.67,0.0,0.67
GIOCHI PREZIOSI S.P.A.,0.03,0.0,0.11,0.0,0.0,1.0
FEDERFARMA.CO DISTRIBUZIONE E SERVIZI IN FARMACIA S.P.A.,0.03,0.0,0.11,0.29,0.0,0.86
AE.CAS. SRL,0.03,0.0,0.11,0.25,0.0,0.88
SALMILANO S.P.A.,0.03,0.0,0.11,0.0,0.0,1.0
AL.CI. S.R.L.,0.03,0.0,0.11,1.2,0.0,0.4
C.M.C. ITALIA S.R.L.,0.03,0.0,0.11,0.67,0.0,0.67
GOODYEAR TIRES ITALIA - SOCIETA' PER AZIONI,0.03,0.0,0.11,0.11,0.0,0.94
AEROSPACE MATERIALS MANAGEMENT S.R.L. IN FORMA ABBREVIATA AMM S.R.L.,0.03,0.0,0.11,0.14,0.0,0.93
MOTTA S.R.L.,0.03,0.0,0.11,0.0,0.0,1.0
DELIZIA S.R.L.,0.03,0.0,0.11,0.0,0.0,1.0
FIDIM SRL,0.03,0.0,0.11,1.33,0.0,0.33
FAMOSA ITALIA S.R.L.,0.03,0.0,0.11,0.25,0.0,0.88
XIAOMI TECHNOLOGY ITALY S.R.L.,0.03,0.0,0.11,1.0,0.0,0.5
COLOMBO MICHELE E FIGLI SRL,0.03,0.0,0.11,0.25,0.0,0.88
DICOMI S.R.L.,0.03,0.0,0.11,0.22,0.0,0.89
DOC GENERICI S.R.L. O IN FORMA ABBREVIATA DOC S.R.L.,0.03,0.0,0.11,0.55,0.0,0.73
COMMSCOPE ITALY S.R.L.,0.03,0.0,0.11,0.77,0.2,0.55
DOMETIC ITALY MARINE S.R.L.,0.03,0.0,0.11,0.72,0.36,0.52
DOMPE' FARMACEUTICI - S.P.A.,0.03,0.0,0.11,0.0,0.0,1.0
COMMERCIALE GIUSSANI S.R.L.,0.03,0.0,0.11,0.4,0.0,0.8
PALADINO COSTRUZIONI S.R.L.,0.03,0.0,0.11,0.5,0.0,0.75
EAGLEBURGMANN ITALIA S.R.L.,0.03,0.0,0.11,0.67,0.0,0.67
ECO.SMALT S.R.L.,0.03,0.0,0.11,0.33,0.0,0.83
COMDATA S.P.A.,0.03,0.0,0.11,0.79,0.0,0.61
ECSA ITALIA S.R.L.,0.03,0.0,0.11,0.4,0.0,0.8
EDIL VI.SPA. S.R.L.,0.03,0.0,0.11,0.77,0.0,0.62
EFFEPI AUTO S.R.L.,0.03,0.0,0.11,0.0,0.0,1.0
EL.GA SPA,0.03,0.0,0.11,1.5,0.0,0.25
ELETTRONICA ASTER S.P.A.,0.03,0.0,0.11,0.6,0.0,0.7
GTE SRL,0.03,0.0,0.11,0.67,0.0,0.67
TEMA PROMOTIONAL GIFTS S.R.L.,0.03,0.0,0.11,0.0,0.0,1.0
COGI S.R.L.,0.03,0.0,0.11,0.0,0.0,1.0
ETICA CAPITAL S.R.L.,0.03,0.0,0.11,0.5,0.0,0.75
EURO MOTORS ITALIA SPA EMI,0.03,0.0,0.11,0.67,0.0,0.67
EUROCHEM AGRO S.P.A.,0.03,0.0,0.11,1.2,0.0,0.4
CIVE SRL,0.03,0.0,0.11,0.22,0.0,0.89
O. ELMI SRL,0.03,0.0,0.11,0.67,0.0,0.67
EVOLUTION S.R.L.,0.03,0.0,0.11,0.0,0.0,1.0
TEA-CO TECNOLOGIE ELETTRICHE APPLICATE - CONCOREZZO S.P.A.,0.03,0.0,0.11,0.67,0.0,0.67
PARA' S.P.A.,0.03,0.0,0.11,1.0,0.0,0.5
NUOVA SAMIA SRL,0.03,0.0,0.11,0.0,0.0,1.0
NUOVA ANGELO TURATI S.R.L.,0.03,0.0,0.11,0.25,0.0,0.88
SIMPEC S.R.L. SOCIETA' IMPIANTI ECOLOGICI,0.03,0.0,0.11,0.0,0.0,1.0
FALDUTO F.LLI S.R.L.,0.03,0.0,0.11,0.26,0.0,0.87
MOLTENI & C.- S.P.A.,0.03,0.0,0.11,0.0,0.0,1.0
LOXEAL SRL,0.03,0.0,0.11,0.5,0.0,0.75
ARTECA S.P.A.,0.03,0.0,0.11,0.0,0.0,1.0
KOLOR + SERVICE S.R.L.,0.03,0.0,0.11,0.86,0.0,0.57
AROMATAGROUP S.R.L.,0.03,0.0,0.11,1.5,0.0,0.25
BESANA APPLICAZIONI PLASTICHE SRL,0.03,0.0,0.11,0.29,0.0,0.86
KOS CARE S.R.L.,0.03,0.0,0.11,0.91,0.0,0.55
RIPRESS S.R.L.,0.03,0.0,0.11,0.0,0.0,1.0
RICCHI AUTO S.R.L.,0.03,0.0,0.11,0.0,0.0,1.0
BAVELLONI S.P.A.,0.03,0.0,0.11,0.38,0.0,0.81
R.M.S. S.P.A.,0.03,0.0,0.11,0.82,0.0,0.59
KOCH-GLITSCH ITALIA S.R.L.,0.03,0.0,0.11,0.22,0.0,0.89
A.E.B. APPARECCHIATURE EROGAZIONE BEVANDE S.R.L.,0.03,0.0,0.11,0.0,0.0,1.0
VERNICI CALDART S.R.L.,0.03,0.0,0.11,1.2,0.0,0.4
MAS ELETTRODOMESTICI DA INCASSO - S.R.L.,0.03,0.0,0.11,0.0,0.0,1.0
RETIPIU' SRL,0.03,0.0,0.11,0.55,0.0,0.73
JACQUET NOVA SRL,0.03,0.0,0.11,0.67,0.0,0.67
VICSAM SISTEMI S.R.L.,0.03,0.0,0.11,0.28,0.0,0.86
POLIPLAST SRL,0.03,0.0,0.11,0.0,0.0,1.0
ITALFARMACO S.P.A.,0.03,0.0,0.11,0.96,0.0,0.52
MARIANI FERRO S.P.A.,0.03,0.0,0.11,0.22,0.0,0.89
ITALIAONLINE S.P.A.,0.03,0.0,0.11,0.0,0.0,1.0
ROLLON S.P.A.,0.03,0.0,0.11,0.0,0.0,1.0
MANTOVANI S.R.L.,0.03,0.0,0.11,0.0,0.0,1.0
HD STAR SRL,0.03,0.0,0.11,0.0,0.0,1.0
BOCCOLINI S.R.L.,0.03,0.0,0.11,0.5,0.0,0.75
HERAEUS S.P.A.,0.03,0.0,0.11,0.65,0.0,0.68
HYDAC S.P.A,0.03,0.0,0.11,0.0,0.0,1.0
LIVING DIVANI S.R.L.,0.03,0.0,0.11,0.67,0.0,0.67
MANCINI ENTERPRISE SRL,0.03,0.0,0.11,0.5,0.0,0.75
MINOTTI SPA,0.03,0.0,0.11,0.86,0.0,0.57
O.E.G. OFFICINA ELETTROMECCANICA GOTTIFREDI S.R.L.,0.02,0.0,0.08,0.0,0.0,1.0
KING GESTIONI ALBERGHIERE S.P.A.,0.02,0.0,0.08,1.11,0.0,0.44
DMG MORI ITALIA S.R.L. IN BREVE DMI S.R.L.,0.02,0.0,0.08,0.67,0.0,0.67
EUROMOTORI S.R.L.,0.02,0.0,0.08,0.0,0.0,1.0
ARCELORMITTAL AVELLINO E CANOSSA S.P.A.,0.02,0.0,0.08,0.67,0.0,0.67
ETJCA S.P.A.,0.02,0.0,0.08,0.0,0.0,1.0
EUROPRODOTTI S.P.A.,0.02,0.0,0.08,0.0,0.0,1.0
TECNOGARDEN SERVICE SRL,0.02,0.0,0.08,0.5,0.0,0.75
OBI ITALIA S.R.L.,0.02,0.0,0.08,0.0,0.0,1.0
IVM CHEMICALS S.R.L.,0.02,0.0,0.08,0.0,0.0,1.0
COPRIMA S.R.L.,0.02,0.0,0.08,2.0,0.0,0.0
AUTONOVARA S.R.L.,0.02,0.0,0.08,0.0,0.0,1.0
PARIS TEXAS S.R.L.,0.02,0.0,0.08,0.0,0.77,0.74
COMPRORO S.R.L.,0.02,0.0,0.08,0.0,0.0,1.0
MATEST S.P.A.,0.02,0.0,0.08,0.0,0.0,1.0
EMMI DESSERT ITALIA S.P.A.,0.02,0.0,0.08,2.0,0.0,0.0
"""LINDE MATERIAL HANDLING ITALIA S.P.A.""",0.02,0.0,0.08,0.67,0.0,0.67
COEL DISTRIBUTION SRL,0.02,0.0,0.08,0.5,0.0,0.75
COMESTERO SISTEMI S.R.L.,0.02,0.0,0.08,0.0,0.0,1.0
DP DENT S.R.L.,0.02,0.0,0.08,0.12,0.0,0.94
ECOGENIA S.R.L.,0.02,0.0,0.08,0.93,0.0,0.53
TECNOROBOT S.R.L.,0.02,0.0,0.08,1.2,0.0,0.4
QUANTUMCORRUGATED S.R.L.,0.02,0.0,0.08,1.5,0.0,0.25
QUATTROBI S.R.L.,0.02,0.0,0.08,0.0,0.0,1.0
TEKNOWOOL LOMBARDIA S.R.L.,0.02,0.0,0.08,0.5,0.0,0.75
COMBUSTIBILI CEREDA S.R.L.,0.02,0.0,0.08,0.0,0.0,1.0
SIPCAM OXON S.P.A.,0.02,0.0,0.08,0.72,0.0,0.64
EG S.P.A.,0.02,0.0,0.08,0.99,0.23,0.43
"PROGETTO A. SOCIETA' COOPERATIVA SOCIALE VALIDAMENTE SIGLABILE ANCHE
COME PROGETTO A. S.C.S.",0.02,0.0,0.08,0.18,0.0,0.91
ELMAG S.P.A.,0.02,0.0,0.08,0.0,0.0,1.0
RALCO S.R.L.,0.02,0.0,0.08,0.0,0.0,1.0
KOFLER SRL,0.02,0.0,0.08,0.0,0.0,1.0
AMBIENTE ENERGIA BRIANZA SOCIETA' PER AZIONI,0.02,0.0,0.08,0.69,0.0,0.65
ALIMENTARI RADICE S.R.L.,0.02,0.0,0.08,0.0,0.0,1.0
A.C.E. SRL,0.02,0.0,0.08,0.0,0.0,1.0
STELLA SRL,0.02,0.0,0.08,0.0,0.0,1.0
WORKMEC S.P.A.,0.02,0.0,0.08,0.0,0.0,1.0
IMPRESA EDILE STRADALE ARTIFONI S.P.A.,0.02,0.0,0.08,0.17,0.0,0.92
SAN.ECO.VIT. S.R.L.,0.02,0.0,0.08,0.86,0.0,0.57
NOVA S.R.L.,0.02,0.0,0.08,0.0,0.0,1.0
NORD COMPENSATI S.R.L.,0.02,0.0,0.08,2.0,0.0,0.0
MESSA T. S.P.A.,0.02,0.0,0.08,0.0,0.0,1.0
CAMBIELLI S.P.A.,0.02,0.0,0.08,2.0,0.0,0.0
RIVOLTA CARMIGNANI S.P.A.,0.02,0.0,0.08,0.0,0.0,1.0
YARA ITALIA S.P.A.,0.02,0.0,0.08,1.1,0.0,0.45
DIAMETRO SRL,0.02,0.0,0.08,0.0,0.0,1.0
PEPPERL + FUCHS FA ITALIA S.R.L.,0.02,0.0,0.08,0.77,0.0,0.62
"CIERREFFE LOMBARDIA S.R.L. SIGLABILE C.R.F. LOMBARDIA S.R.L. O CRF LOMBARDIA
S.R.L.",0.02,0.0,0.08,0.67,0.0,0.67
VARIATI S.P.A.,0.02,0.0,0.08,0.6,0.0,0.7
SAFETY S.P.A.,0.02,0.0,0.08,0.67,0.0,0.67
HUMANGEST S.P.A.,0.02,0.0,0.08,0.0,0.0,1.0
AGRI BRIANZA S.R.L.,0.02,0.0,0.08,0.0,0.0,1.0
BISCOTTI GULLON S.R.L.,0.02,0.0,0.08,0.67,0.0,0.67
A.M.INSTRUMENTS SRL,0.02,0.0,0.08,0.86,0.0,0.57
S.I.M.B.A.-S.P.A. COL SOTTOTITOLO SOCIETA' ITALIANA IMPORTAZIONE BANANE E COMMERCIO PRODOTTI OLTREMARE,0.02,0.0,0.08,0.2,0.0,0.9
UPONOR S.R.L.,0.02,0.0,0.08,0.0,0.0,1.0
DAYTONA S.R.L.,0.02,0.0,0.08,0.0,0.0,1.0
G.P. CAR S.R.L.,0.02,0.0,0.08,0.0,0.0,1.0
G.M. INTERNATIONAL S.R.L.,0.02,0.0,0.08,0.0,0.0,1.0
MERBAG S.P.A.,0.02,0.0,0.08,0.0,0.0,1.0
MEDA PHARMA S.P.A.,0.02,0.0,0.08,0.5,0.0,0.75
FABAS-LUCE SPA,0.02,0.0,0.08,0.0,0.0,1.0
IPER MONTEBELLO S.P.A.,0.02,0.0,0.08,0.5,0.0,0.75
CSEL CONSORZIO - SOCIETA' COOPERATIVA SOCIALE,0.02,0.0,0.08,0.5,0.0,0.75
BOLDROCCHI SRL,0.02,0.0,0.08,1.2,0.0,0.4
B&B ITALIA S.P.A.,0.02,0.0,0.08,1.0,0.0,0.5
CHATEAUFORM ITALIA S.R.L.,0.02,0.0,0.08,2.0,0.0,0.0
THE LEVEL GROUP S.R.L.,0.02,0.0,0.08,0.0,0.0,1.0
FINELEX SOCIETA' CONSORTILE PER AZIONI,0.02,0.0,0.08,0.5,0.0,0.75
MECONDOR- S.P.A.,0.02,0.0,0.08,0.0,0.0,1.0
FLOU SPA,0.02,0.0,0.08,2.0,0.0,0.0
FM COMPANY S.R.L.,0.02,0.0,0.08,0.0,0.0,1.0
TITALIA S.P.A.,0.02,0.0,0.08,0.0,0.0,1.0
FOMAS S.P.A.,0.02,0.0,0.08,0.44,0.0,0.78
CENTRO CALOR S.R.L.,0.02,0.0,0.08,0.0,0.0,1.0
FPZ S.P.A.,0.02,0.0,0.08,0.0,0.0,1.0
BARRA COSTRUZIONI S.R.L.,0.02,0.0,0.08,0.21,0.46,0.74
CAVAUTO S.R.L.,0.02,0.0,0.08,0.0,0.0,1.0
START ITALIANA S.R.L.,0.02,0.0,0.08,0.0,0.0,1.0
COOP LOMBARDIA SOCIETA' COOPERATIVA,0.01,0.0,0.04,0.07,0.51,0.79
CONDUCTIX- WAMPFLER S.R.L.,0.01,0.0,0.04,0.0,0.0,1.0
CORDEN PHARMA S.P.A.,0.01,0.0,0.04,0.0,0.0,1.0
COOP CONSORZIO NORD OVEST SOC. CONSORTILE A R.L.,0.01,0.0,0.04,0.29,0.44,0.71
T.S.A. S.R.L.,0.01,0.0,0.04,2.0,0.0,0.0
TRAGNI S.R.L.,0.01,0.0,0.04,0.0,0.0,1.0
ABC SISTEM S.R.L.,0.01,0.0,0.04,0.0,0.0,1.0
BAXTER S.R.L.,0.01,0.0,0.04,2.0,0.0,0.0
WERKCAM S.R.L.,0.01,0.0,0.04,0.0,0.0,1.0
ARZUFFI S.R.L.,0.01,0.0,0.04,0.0,0.0,1.0
ASTALEGALE.NET S.P.A.,0.01,0.0,0.04,0.0,0.0,1.0
AUTOGHINZANI BERGAMO SRL,0.01,0.0,0.04,0.0,0.0,1.0
VINAVIL SPA,0.01,0.0,0.04,0.46,0.0,0.77
VIMERCATI SRL,0.01,0.0,0.04,0.0,0.0,1.0
B.S.M. SRL,0.01,0.0,0.04,0.0,0.0,1.0
VECO S.P.A.,0.01,0.0,0.04,0.0,0.0,1.0
CIPIEMME SRL,0.01,0.0,0.04,0.0,0.0,1.0
COVI S.R.L.,0.01,0.0,0.04,0.0,0.0,1.0
ALBRICCI S.R.L.,0.01,0.0,0.04,0.0,0.0,1.0
AHSI S.P.A.,0.01,0.0,0.04,0.0,0.0,1.0
UNES MAXI S.P.A.,0.01,0.0,0.04,0.06,0.5,0.8
CALVI HOLDING S.P.A.,0.01,0.0,0.04,0.0,0.0,1.0
ACINQUE S.P.A.,0.01,0.0,0.04,0.42,0.35,0.67
CESAPLAST SPA,0.01,0.0,0.04,0.0,0.0,1.0
BRIANZATENDE S.R.L.,0.01,0.0,0.04,0.0,0.0,1.0
EXYTE ITALY S.R.L.,0.01,0.0,0.04,0.0,0.0,1.0
SYSTEMA S.R.L.,0.01,0.0,0.04,0.0,0.0,1.0
S.I.L.F.A. SOCIETA' IMBALLAGGI LATTA FUSTI ACCIAIO - S.R.L.,0.01,0.0,0.04,0.0,0.0,1.0
REYS S.P.A,0.01,0.0,0.04,0.0,0.0,1.0
RISTOPIU' LOMBARDIA SPA,0.01,0.0,0.04,0.0,0.0,1.0
ICROM S.R.L.,0.01,0.0,0.04,0.0,0.0,1.0
I.R.A. ISTITUTO RICERCHE APPLICATE S.P.A.,0.01,0.0,0.04,0.0,0.0,1.0
HOME FRAGRANCE ITALIA S.R.L.,0.01,0.0,0.04,0.5,0.0,0.75
HAFELE ITALIA S.R.L.,0.01,0.0,0.04,0.0,0.0,1.0
GRUPPO MILLEPIANI S.P.A.,0.01,0.0,0.04,0.0,0.0,1.0
SACMA LIMBIATE S.P.A.,0.01,0.0,0.04,1.2,0.0,0.4
RENTAL PLUS SRL,0.01,0.0,0.04,0.0,0.0,1.0
SACS TECNORIB S.P.A.,0.01,0.0,0.04,0.0,0.0,1.0
SAIVER S.R.L.,0.01,0.0,0.04,0.0,0.0,1.0
GITRE S.R.L.,0.01,0.0,0.04,0.0,0.0,1.0
G2 PORTE E FINESTRE S.R.L.,0.01,0.0,0.04,0.0,0.0,1.0
G. VILLA S.R.L.,0.01,0.0,0.04,0.67,0.0,0.67
FURIA CUSCINI S.P.A.,0.01,0.0,0.04,0.0,0.0,1.0
FRIESLANDCAMPINA ITALY S.R.L.,0.01,0.0,0.04,0.0,0.0,1.0
INTERNI S.P.A.,0.01,0.0,0.04,1.2,0.0,0.4
REMARKET S.P.A.,0.01,0.0,0.04,0.2,0.0,0.9
SERVOTECNICA S.P.A.,0.01,0.0,0.04,0.0,0.0,1.0
PEPPERL + FUCHS S.R.L.,0.01,0.0,0.04,0.0,0.0,1.0
OR.S.A. SOCIETA' COOPERATIVA SOCIALE,0.01,0.0,0.04,0.0,0.0,1.0
OPTOPRIM S.R.L.,0.01,0.0,0.04,0.0,0.0,1.0
OMG S.R.L.,0.01,0.0,0.04,0.0,0.0,1.0
PAOLA LENTI S.R.L.,0.01,0.0,0.04,2.0,0.0,0.0
PASSONI PAOLO E FIGLI S.R.L.,0.01,0.0,0.04,0.0,0.0,1.0
NASTROFER S.P.A.,0.01,0.0,0.04,0.29,0.0,0.86
MURRELEKTRONIK SRL,0.01,0.0,0.04,2.0,0.0,0.0
MOONS' INDUSTRIES EUROPE HEAD QUARTER SRL,0.01,0.0,0.04,0.0,0.0,1.0
REDMOTO S.R.L.,0.01,0.0,0.04,0.0,0.0,1.0
MONTRASIO ITALIA S.R.L.,0.01,0.0,0.04,0.0,0.0,1.0
POWER LINE S.R.L.,0.01,0.0,0.04,0.0,0.0,1.0
MACPLAST S.P.A.,0.01,0.0,0.04,0.0,0.0,1.0
LARA COMPENSATI S.R.L.,0.01,0.0,0.04,0.0,0.0,1.0
LA MERIDIANA SOCIETA' COOPERATIVA SOCIALE,0.01,0.0,0.04,0.0,0.0,1.0
KOLLMORGEN S.R.L.,0.01,0.0,0.04,0.26,0.0,0.87
KINGMEDA S.R.L.,0.01,0.0,0.04,0.0,0.0,1.0
FORGE NICROMO S.P.A.,0.01,0.0,0.04,0.0,0.0,1.0
GRUPPO ALFAGOMMA (1),0.01,0.0,0.04,0.0,0.0,1.0
EMME TECHNOLOGY S.R.L.,0.01,0.0,0.04,0.0,0.0,1.0
SUISSE NUTRAINGREDIENTS S.R.L.,0.01,0.0,0.04,0.0,0.0,1.0
DELTA 2000 S.R.L.,0.01,0.0,0.04,0.0,0.0,1.0
EPIS & C. S.R.L.,0.01,0.0,0.04,0.4,0.0,0.8
F.LLI NOVARA S.R.L.,0.01,0.0,0.04,0.0,0.0,1.0
DIOTTI.COM S.R.L.,0.01,0.0,0.04,0.0,0.0,1.0
FARMA.CO.M. S.P.A. FARMACIE COMUNALI MONZA S.P.A.,0.01,0.0,0.04,0.0,0.0,1.0
EUROPERF S.R.L.,0.01,0.0,0.04,0.0,0.0,1.0
DOLCIARIA NEGRI SRL,0.01,0.0,0.04,0.33,0.0,0.83
EMIFLEX S.P.A.,0.01,0.0,0.04,0.0,0.0,1.0
DONATI S.R.L.,0.01,0.0,0.04,1.64,0.0,0.18
DP VISION S.R.L.,0.01,0.0,0.04,0.0,0.0,1.0
DUERR DENTAL ITALIA S.R.L.,0.01,0.0,0.04,0.0,0.0,1.0
EXHIBO S.P.A.,0.01,0.0,0.04,0.0,0.0,1.0
MAGIC M.P. - S.P.A.,0.0,0.0,0.0,,,
AMBROGIO MORO S.P.A. **,0.0,0.0,0.0,,,
LOUIS VUITTON ITALIA S.R.L.,0.0,0.0,0.0,,,
LONGHI S.P.A.,0.0,0.0,0.0,0.0,0.0,1.0
FINE FOOD GROUP S.P.A.,0.0,0.0,0.0,,,
APTACA S.P.A.,0.0,0.0,0.0,,,
TECNOFIRMA SPA,0.0,0.0,0.0,,,
DIMAC RED S.P.A.,0.0,0.0,0.0,0.0,0.0,1.0
KSA ITALIA SRL,0.0,0.0,0.0,,,
R. & C. TERMOIDRAULICA S.R.L.,0.0,0.0,0.0,,,
TECNOLAB S.R.L.,0.0,0.0,0.0,,,
KCS CAREGIVER COOPERATIVA SOCIALE,0.0,0.0,0.0,,,
REFECTIO S.R.L.,0.0,0.0,0.0,,,
SPRINT ENERGY SRL,0.0,0.0,0.0,,,
MONGUZZI S.R.L.,0.0,0.0,0.0,0.0,0.0,1.0
MARTE SPA,0.0,0.0,0.0,,,
MERIDIANI S.R.L.,0.0,0.0,0.0,,,
CORIGES SRL,0.0,0.0,0.0,,,
CRI ENERBILITY S.R.L.,0.0,0.0,0.0,,,
OPIS S.R.L. (1) *,0.0,0.0,0.0,,,
OMP MECHTRON S.R.L.,0.0,0.0,0.0,,,
CROSS POINT - S.R.L.,0.0,0.0,0.0,,,
ABB E-MOBILITY S.P.A.,0.0,0.0,0.0,,,
NTI-NKE S.P.A.,0.0,0.0,0.0,,,
DANA FLUID POWER DISTRIBUTION S.R.L.,0.0,0.0,0.0,,,
ADITINET CONSULTING SPA,0.0,0.0,0.0,0.0,0.0,1.0
DANCO S.P.A.,0.0,0.0,0.0,,,
DELP ITALIA SRL,0.0,0.0,0.0,,,
AGORA' NETWORK SOCIETA' CONSORTILE A R.L.,0.0,0.0,0.0,,,
PERI S.R.L.,0.0,0.0,0.0,0.0,0.0,1.0
DI.R.EL. SRL,0.0,0.0,0.0,,,
TEAFLEX S.P.A.,0.0,0.0,0.0,0.0,0.0,1.0
IPEA S.R.L.,0.0,0.0,0.0,,,
MODITECH S.R.L.,0.0,0.0,0.0,,,
AVICEL S.R.L.,0.0,0.0,0.0,,,
ECO STORE SRL,0.0,0.0,0.0,0.0,0.0,1.0
INTERSTEEL SRL,0.0,0.0,0.0,,,
COSMO HOTEL S.P.A.,0.0,0.0,0.0,,,
BRUNO PRESEZZI S.P.A.,0.0,0.0,0.0,,,
GRICAR CHEMICAL S.R.L.,0.0,0.0,0.0,0.0,0.0,1.0
TERNO SCORREVOLI S.P.A.,0.0,0.0,0.0,,,
CAL S.R.L.,0.0,0.0,0.0,,,
GIORGIO COLLECTION S.R.L.,0.0,0.0,0.0,,,
CANALPLAST S.P.A.,0.0,0.0,0.0,,,
CAR STUDIO S.R.L.,0.0,0.0,0.0,,,
GAIA S.R.L.,0.0,0.0,0.0,,,
F.LLI VILLA S.R.L.,0.0,0.0,0.0,,,
CASELLA SPA,0.0,0.0,0.0,0.0,0.0,1.0
CAUVIN METALS S.R.L.,0.0,0.0,0.0,,,
SHELL ENERGY ITALIA S.R.L.,0.0,0.0,0.0,,,
FRASCOLLA S.R.L.,0.0,0.0,0.0,,,
SG S.P.A.,0.0,0.0,0.0,,,
CENTRO CARAVANS BARASSI S.R.L.,0.0,0.0,0.0,,,
SELI MANUTENZIONI GENERALI S.R.L.,0.0,0.0,0.0,,,
CERAMICHE FRATTINI SRL,0.0,0.0,0.0,,,
BRIVIO & VIGANO' LOGISTICS S.R.L.,0.0,0.0,0.0,,,
TERMOMARKET S.R.L.,0.0,0.0,0.0,,,
AZ PNEUMATICA SRL,0.0,0.0,0.0,,,
COENERGIA S.R.L.,0.0,0.0,0.0,0.0,0.0,1.0
VERZOLLA S.R.L.,0.0,0.0,0.0,,,
FILO BIANCO S.R.L.,0.0,0.0,0.0,,,
RESTAURA S.R.L.,0.0,0.0,0.0,,,
INOXIHP S.R.L.,0.0,0.0,0.0,,,
ECOLAB HOLDING ITALY S.R.L.,0.0,0.0,0.0,,,
INDUSTRIA BRIANTEA FERRAMENTA MINUTERIE DI FUMAGALLI SRL,0.0,0.0,0.0,,,
IMS S.P.A.,0.0,0.0,0.0,,,
EDILVIT SRL,0.0,0.0,0.0,,,
IMPRESA EDILE MARIANI S.R.L.,0.0,0.0,0.0,,,
EFFEBIQUATTRO S.P.A.,0.0,0.0,0.0,,,
ELCAM -S.R.L.,0.0,0.0,0.0,,,
I.M.V. PRESSE S.R.L.,0.0,0.0,0.0,,,
VANTA S.R.L.,0.0,0.0,0.0,,,
HOSES TECHNOLOGY S.P.A.,0.0,0.0,0.0,,,
VALLMAR S.R.L.,0.0,0.0,0.0,,,
HILTI ITALIA S.P.A.,0.0,0.0,0.0,,,
H.T. HIGH TECHNOLOGY S.R.L.,0.0,0.0,0.0,0.0,0.0,1.0
I.P.A.S. INDUSTRIA PRODUZIONI ALIMENTARI E SEMILAVORATI S.R.L.,0.0,0.0,0.0,0.0,0.0,1.0
