name,total_words,score,ESG,GENDER EQUALITY,VOLLEYBALL
"IN SPORT S.R.L. SOCIETA' SPORTIVA DILETTANTISTICA IN BREVE DENO MINATA IN
SPORT S.R.L. S.S.D.",4275,0.8,0,6,326
DS SMITH HOLDING ITALIA S.P.A.,4957,0.8,189,3,10
SAIF S.P.A.,859,0.67,24,0,10
AXSE SRL,1501,0.64,26,0,44
ITALMATCH CHEMICALS S.P.A.,6884,0.62,88,0,250
SAINT-GOBAIN ITALIA S.P.A.,2685,0.6,70,0,20
SNAITECH S.P.A.,6831,0.57,87,0,217
SAGAM S.P.A.,8378,0.53,0,0,444
SALMOIRAGHI S.P.A.,5854,0.52,94,0,118
EASTMAN ITALIA S.R.L.,4566,0.51,108,0,16
MONDADORI LIBRI S.P.A.,9708,0.49,198,21,18
BRACCO IMAGING S.P.A.,4820,0.48,109,0,12
STILSCREEN - S.R.L.,4527,0.48,33,0,152
ALDIERI AUTOTRASPORTI S.P.A.,2551,0.48,21,0,80
"PRENATAL RETAIL GROUP S.P.A. OVVERO, IN ABBREVIATO, PNT RETAIL GR OUP S.P.A. O PRG S.P.A.",2236,0.46,38,6,8
POMELLATO S.P.A.,6236,0.45,33,63,24
PREGIS S.P.A.,5637,0.45,117,3,12
F.LLI MONTORFANO S.R.L.,2603,0.45,2,0,112
CHEMOURS ITALY S.R.L.,5738,0.44,107,0,38
DECATHLON ITALIA S.R.L.,9782,0.43,14,0,396
GENCOS110 S.P.A.,5812,0.43,120,0,8
TETRA PAK FOOD ENGINEERING S.P.A.,6909,0.42,143,0,4
FAEL S.P.A. O FAELLUCE S.P.A.,3599,0.42,71,0,10
MONDADORI RETAIL S.P.A.,7378,0.42,122,18,10
RHENUS AIR & OCEAN SRL,5434,0.42,20,0,188
STENA METALL HOLDING S.R.L.,5165,0.42,107,0,5
TERMINALE GNL ADRIATICO SOCIETA' A RESPONSABILITA' LIMITATA IN FORMA ABBREVIATA TERMINALE GNL ADRIATICO S.R.L.,2232,0.42,33,0,28
WANHUA BORSODCHEM ITALIA SRL,3869,0.41,74,0,10
SUN CHEMICAL GROUP S.P.A.,3523,0.4,67,0,6
SENNDER ITALIA S.R.L.,4951,0.4,51,0,96
INTERNATIONAL PAPER ITALIA S.R.L.,4704,0.4,95,0,0
SALCHI METALCOAT S.R.L.,3650,0.39,59,6,6
SIEMENS ENERGY S.R.L.,1775,0.38,24,0,20
BRIANZA PLASTICA SPA,1648,0.38,29,0,4
DUSSMANN SERVICE S.R.L.,5479,0.38,76,12,18
RHENUS LOGISTICS S.P.A.,5957,0.38,20,9,161
PROJECT AUTOMATION S.P.A.,3910,0.37,32,3,70
MM S.P.A.,3202,0.37,45,0,30
BRANDART S.P.A.,7233,0.37,107,12,16
WOLTERS KLUWER ITALIA S.R.L.,13120,0.37,227,0,36
FIBERCOP S.P.A.,2886,0.36,31,3,34
RAIL CARGO LOGISTICS - ITALY S.R.L.,4299,0.36,18,0,118
ARIENTI AUTOGRU' S.R.L.,1270,0.35,0,0,44
ENI REWIND S.P.A.,5689,0.35,85,6,12
RAIL CARGO CARRIER - ITALY S.R.L.,4580,0.35,18,0,126
TATUUS RACING S.P.A.,7601,0.35,0,3,254
SPIRAX - SARCO S.R.L. *,3124,0.34,39,9,2
FAI SERVICE SOCIETA' COOPERATIVA,5730,0.34,0,0,192
SOLAREDGE TECHNOLOGIES ITALY S.R.L.,3750,0.34,59,0,10
PRELIOS CREDIT SOLUTIONS S.P.A.,7497,0.34,125,0,6
SCHENKER ITALIANA SPA,9051,0.34,102,0,108
ROBERT BOSCH S.P.A.,3527,0.33,57,0,4
ENIPOWER MANTOVA S.P.A.,5513,0.33,78,0,28
CO.GE.FIN. S.P.A.,2693,0.33,26,0,36
EDENRED ITALIA S.R.L.,2669,0.33,36,0,16
SANDVIK ITALIA S.P.A.,2084,0.32,33,0,0
GEZE ITALIA S.R.L.,11871,0.32,146,0,82
COLUSSI S.P.A.,2781,0.32,39,0,10
CP COLOMBO SRL,3199,0.32,41,0,20
A2A ENERGIA S.P.A.,2197,0.32,27,0,16
C.P.C. INOX S.P.A.,4710,0.32,70,0,12
CHG-MERIDIAN ITALIA SPA,6742,0.32,74,21,8
MERCITALIA INTERMODAL S.P.A.,5447,0.32,54,0,66
PELLEGRINI S.P.A.,3546,0.32,39,12,0
ENISERVIZI S.P.A.,10684,0.32,138,3,54
URSA ITALIA S.R.L.,4656,0.31,71,0,2
SASOL ITALY S.P.A.,7531,0.31,106,0,18
BRENNTAG SPA,4046,0.31,56,0,12
TROCELLEN ITALIA S.P.A.,5037,0.31,56,0,46
EY ADVISORY S.P.A.,11974,0.31,153,12,24
LEGNANO TEKNOELECTRIC COMPANY SPA,5159,0.31,81,0,0
GETOIL S.R.L.,868,0.3,9,0,8
CALCESTRUZZI S.P.A.,4062,0.3,51,0,18
ENIPOWER SPA,6131,0.3,78,0,30
MARELLI EUROPE S.P.A.,4705,0.3,43,0,54
ERICA SRL,4203,0.3,46,0,34
MALBERTI HOLDING S.P.A.,2208,0.3,18,0,30
EVOLVERE S.P.A. SOCIETA' BENEFIT,7210,0.29,94,0,20
COTY ITALIA S.R.L.,1561,0.29,14,0,18
GI GROUP S.P.A.,5187,0.29,9,36,22
CFG OVERSEAS SRL,3543,0.29,2,12,64
C.O.I.M. S.P.A. - CHIMICA ORGANICA INDUSTRIALE MILANESE,3808,0.29,47,0,18
EDISON NEXT GOVERNMENT S.R.L.,15211,0.29,206,0,34
BRUGOLA COMMERCIALE SPA,5480,0.29,50,6,43
GOLDEN GOOSE S.P.A.,9060,0.29,11,63,50
L'OREAL ITALIA S.P.A.,9369,0.28,38,57,14
NESPRESSO ITALIANA S.P.A. - SOCIETA' BENEFIT,10990,0.28,134,9,14
NAMEDSPORT S.R.L.,24938,0.28,0,0,699
IKEA ITALIA RETAIL S.R.L.,4144,0.28,53,0,8
FIVES ITAS S.P.A.,3811,0.28,20,0,66
MONCLER S.P.A.,10378,0.28,132,0,22
VAILLANT GROUP ITALIA S.P.A.,3155,0.28,36,0,16
JUNGHEINRICH ITALIANA SRL,3525,0.28,30,0,40
TOSCA ITALY S.P.A.,4973,0.28,53,9,8
EARTH ENERGY S.R.L.,3238,0.28,30,0,30
SETOA ITALIA S.P.A.,2840,0.27,5,0,68
DANONE NUTRICIA SPA SOCIETA' BENEFIT IN FORMA ABBREVIATA D.N. SPA O DANONE N. SPA S. BENEFIT,1798,0.27,22,0,4
TERNINOX S.P.A.,2708,0.27,36,0,2
RAVAGRICOLA S.P.A.,2425,0.27,18,0,30
LGD SOCIETA' COOPERATIVA,2838,0.27,14,0,50
DECATHLON PRODUZIONE ITALIA S.R.L.,6838,0.27,5,0,174
FALCK NEXT ENERGY S.R.L.,6253,0.27,73,6,6
TAO AMBIENTE S.R.L.,3847,0.27,36,0,30
"""ITALCEMENTI"" FABBRICHE RIUNITE CEMENTO - SOCIETA' PER AZIONI - BERGAMO IN FORMA ABBREVIATA ITALCEMENTI S.P.A.",4223,0.26,37,0,34
AVIENT COLORANTS ITALY S.R.L.,9317,0.26,103,9,12
KPMG ADVISORY S.P.A.,4479,0.26,58,0,2
CAP HOLDING S.P.A.,3266,0.26,32,0,20
PHILIP MORRIS MANUFACTURING & TECHNOLOGY BOLOGNA S.P.A,6797,0.26,71,3,24
RENEWABLE DISPATCHING S.R.L.,2611,0.26,33,0,2
EDIM S.P.A.,5073,0.26,54,6,6
SKY ITALIA - S.R.L.,17924,0.26,3,0,452
GEORG FISCHER S.P.A.,8214,0.25,85,3,23
STUCCHI SERVIZI ECOLOGICI SRL,3197,0.25,27,0,26
DNV BUSINESS ASSURANCE ITALY S.R.L.,4816,0.25,30,12,26
CEVA LOGISTICS ITALIA S.R.L.,5554,0.25,10,0,117
IM BIOFUEL ITALY S.R.L.,3105,0.25,24,0,30
OUTOKUMPU S.R.L.,18889,0.25,204,0,56
A2A AIRPORT ENERGY S.P.A.,5958,0.25,61,0,24
SEA S.P.A.,8396,0.25,78,6,32
RENO DE MEDICI SPA,6047,0.25,63,0,26
ALPHA TRADING S.P.A.,2409,0.25,24,0,12
EDISON ENERGIA S.P.A.,15467,0.25,180,0,24
SEALED AIR S.R.L.,6738,0.24,73,0,14
WUERTH ELEKTRONIK ITALIA S.R.L.,7800,0.24,72,0,46
DOUGLAS ITALIA S.P.A.,8779,0.24,28,38,45
ENI PLENITUDE S.P.A. SOCIETA' BENEFIT,6825,0.24,56,0,50
LA.M.PLAST DI ALDO REDAELLI & C SRL,1348,0.24,14,0,4
KUEHNE + NAGEL S.R.L.,5578,0.24,33,0,70
CERVED GROUP S.P.A.,4513,0.24,50,0,10
"EY S.P.A., PER ESTESO ANCHE ERNST & YOUNG S.P.A.",10483,0.24,82,15,40
DELICATESSE SPA,5356,0.24,48,0,30
INNOMOTICS SRL,24574,0.23,147,10,253
ILIAD ITALIA S.P.A.,15653,0.23,168,0,24
HYDRO EXTRUSION ITALY S.R.L.,18485,0.23,195,0,29
BEIERSDORF S.P.A.,5037,0.23,29,15,12
JINDAL NYLON FILMS S.R.L. (1),2625,0.23,30,0,0
ADAMANT BIONRG S.R.L.,7642,0.23,59,0,56
ACCIAIERIA ARVEDI S.P.A.,5008,0.23,45,0,24
QVC ITALIA S.R.L.,1551,0.23,0,0,36
KONE S.P.A.,6220,0.23,47,9,22
MULTIVENDOR SERVICE S.R.L. (1),6640,0.23,0,48,8
LANXESS S.R.L.,4753,0.23,50,0,8
SPREAFICO FRANCESCO E F.LLI S.P.A.,6380,0.23,72,0,4
FSI S.R.L.,4413,0.23,38,0,24
ABBOTT MEDICAL ITALIA S.R.L.,2919,0.23,13,12,4
NLINE SHIPPING SRL,3896,0.23,6,0,76
GAVIOTA SIMBAC S.P.A.,4997,0.23,21,24,0
ENI ANGOLA S.P.A.,10099,0.23,81,15,24
VOLVO CONSTRUCTION EQUIPMENT ITALIA S.P.A.,4799,0.22,49,0,8
F.S.A. S.R.L.,2417,0.22,4,0,44
THE BOSTON CONSULTING GROUP S.R.L.,9513,0.22,77,6,42
BASF COATINGS SERVICES ITALY S.R.L.,4011,0.22,40,0,7
ARKEMA S.R.L.,4705,0.22,30,3,34
SNAM S.P.A.,9819,0.22,62,0,90
SPECIAL FLANGES SOCIETA' PER AZIONI **,2590,0.22,27,0,2
SOLENIS ITALIA S.R.L.,9053,0.22,98,0,6
AIR LIQUIDE ITALIA PRODUZIONE SRL,7024,0.22,23,18,56
SORGENIA POWER S.P.A.,11806,0.22,94,15,28
SOCIETA' PER AZIONI ESERCIZI AEROPORTUALI S.E.A.,9575,0.22,72,3,56
SMURFIT KAPPA ITALIA S.P.A.,21087,0.22,216,3,18
ADECCO ITALIA SPA,5261,0.22,48,6,0
SORGENIA S.P.A.,12244,0.22,94,15,32
A2A ENERGIEFUTURE S.P.A.,4544,0.22,36,0,28
SYSTEM ENGINEERING SOLUTIONS S.R.L.,3011,0.22,2,18,7
BOSCH REXROTH S.P.A.,3143,0.22,14,0,40
BUZZI S.P.A.,3413,0.22,32,0,10
BASELL POLIOLEFINE ITALIA S.R.L.,3017,0.21,28,0,8
AIR LIQUIDE ITALIA SERVICE S.R.L.,5208,0.21,23,12,26
KIA ITALIA S.R.L.,7281,0.21,33,0,88
EDISON RINNOVABILI S.P.A.,20844,0.21,193,0,46
SAIPEM S.P.A.,12067,0.21,106,0,40
ATLANTIC INTEGRATED FREIGHT S.R.L.,3788,0.21,11,0,58
BIOISOTHERM SRL,12452,0.21,123,0,18
SAPIO PRODUZIONE IDROGENO OSSIGENO SRL,6701,0.21,62,0,18
JAKALA S.P.A. SOCIETA' BENEFIT,7480,0.21,66,3,16
DNV MARITIME ITALY S.R.L.,3651,0.21,28,0,20
MICROSOFT S.R.L.,6452,0.21,60,0,16
GNOSIS S.P.A.,8289,0.21,24,39,10
SNF ITALIA S.R.L.,4129,0.21,42,0,2
MANUCOR S.P.A.,2912,0.21,30,0,0
FINCONS S.P.A.,5116,0.21,30,9,20
CEM AMBIENTE S.P.A.,3484,0.21,26,0,20
FESTO S.P.A.,1311,0.21,14,0,0
AZIENDA TRASPORTI MILANESI S.P.A. IN FORMA ABBREVIATA A.T.M. S .P.A.,3448,0.21,2,0,70
SANOFI S.R.L.,5256,0.21,48,0,16
SIBELCO ITALIA - SOCIETA' PER AZIONI,2470,0.2,17,0,16
SPIN SPA,3523,0.2,28,0,14
CEREDA AMBROGIO S.R.L.,2440,0.2,14,0,20
VERSALIS S.P.A.,6260,0.2,52,0,22
SOLVAY ENERGY SERVICES ITALIA S.R.L.IN FORMA ABBREVIATA SES ITALI A SRL,3268,0.2,26,0,12
PHARDIS S.R.L.,714,0.2,0,0,14
A.C. MONZA S.P.A.,33825,0.2,0,6,642
ABB S.P.A.,2053,0.2,9,0,24
LOMBARDA MOTORI S.P.A.,6173,0.2,0,0,122
RECLEAN SOCIETA' COOPERATIVA,3986,0.2,25,6,12
ISTITUTI CLINICI ZUCCHI S.P.A.,6842,0.2,0,30,48
NH ITALIA S.P.A.,6438,0.2,59,0,12
SMURFIT KAPPA CARTIERA DI VERZUOLO S.R.L.,22597,0.2,213,0,22
GALLIZO ITALIA S.R.L.,1889,0.2,15,0,8
TOTALENERGIES MARKETING ITALIA S.P.A.,6110,0.19,35,6,30
SOLVAY SPECIALTY POLYMERS ITALY S.P.A.,8666,0.19,67,0,29
RAUCH ITALIA SRL,1891,0.19,12,0,12
OPENJOBMETIS SPA AGENZIA PER IL LAVORO,4606,0.19,33,0,22
INTALS S.P.A.,2899,0.19,22,0,10
WEBHELP ENTERPRISE SALES SOLUTIONS ITALY S.R.L.,1619,0.19,7,0,16
"INFRASTRUTTURE WIRELESS ITALIANE S.P.A. O, IN FORMA ABBREVIATA, INWIT S.P.A.",8516,0.19,69,0,26
YAMAHA MOTOR R&D EUROPE S.R.L.,1468,0.19,9,0,10
"""PERNOD RICARD ITALIA S.P.A."" O, PIU' BREVEMENTE, ""PRI S.P.A."" NONCHE' ""PR ITALIA S.P.A.""",4206,0.19,18,0,46
GIOVANARDI S.P.A.,6309,0.19,57,0,8
B. & V. HOLDING S.P.A.,1134,0.19,2,0,18
BREVETTI STENDALTO S.P.A.,4225,0.19,16,15,4
ACS DOBFAR SPA,2664,0.19,24,0,2
EDISON S.P.A.,16994,0.19,138,0,44
EUSIDER S.P.A.,6413,0.19,26,12,35
PRESEZZI EXTRUSION S.P.A.,4240,0.19,41,0,0
MARELLI SUSPENSION SYSTEMS ITALY S.P.A.,5618,0.19,30,0,46
ELEKTA S.P.A.,4675,0.19,39,0,10
IMPRESA SANGALLI GIANCARLO & C. S.R.L.,4447,0.19,6,22,6
COLUMBUS SRL,6565,0.19,40,0,44
ALPIQ ENERGIA ITALIA S.P.A.,7619,0.19,50,0,46
WOOD ITALIANA S.R.L.,2361,0.19,20,0,4
PENNY MARKET S.R.L.,10865,0.18,86,3,20
MANIFATTURA MARIO COLOMBO & C. S.P.A.,5420,0.18,3,6,71
SODEXO ITALIA S.P.A.,4474,0.18,36,0,10
EVOLVE S.P.A.,3414,0.18,27,0,6
TD SYNNEX ITALY S.R.L.,5425,0.18,43,0,12
ARES S.R.L.,2890,0.18,5,3,32
GEODIS FF ITALIA S.P.A.,2494,0.18,2,0,40
MANPOWER S.R.L.,4579,0.18,26,7,11
BOSTON SCIENTIFIC SPA,3840,0.18,4,18,8
MAISONS DU MONDE ITALIE S.R.L.,653,0.18,0,0,12
AMPLIFON S.P.A.,7286,0.18,59,0,12
J.A.S. JET AIR SERVICE SPA,4775,0.18,13,0,58
VENTANA SERRA S.P.A.,7599,0.18,8,6,100
BUTAN GAS SPA,4920,0.18,33,0,24
GXO LOGISTICS ITALY S.P.A.,7694,0.18,27,0,86
YAMAHA MOTOR RACING S.R.L.,1863,0.18,9,0,16
REPOWER ITALIA S.P.A.,2680,0.18,15,0,18
MULTILOGISTICS S.P.A.,3913,0.18,0,0,70
SIRAM S.P.A.,6765,0.18,42,12,2
EMERSON PROCESS MANAGEMENT S.R.L.,7865,0.18,60,0,18
"PARMALAT S.P.A. IN FORMA ABBREVIATA ""PLT S.P.A.""",4426,0.18,18,0,42
H & M HENNES & MAURITZ S.R.L.,4563,0.18,20,6,24
EUR - ACCIAI S.P.A.,1123,0.18,9,0,2
PAGG ASPOCK S.R.L.,3630,0.18,16,0,32
G. CARRAI & C. S.R.L.,1415,0.18,2,0,22
ALFA LAVAL SPA,6467,0.18,50,0,14
SODEXO BENEFITS & REWARDS SERVICES ITALIA SRL,5292,0.17,42,0,8
COCA-COLA ITALIA SRL,2084,0.17,15,0,6
SET S.P.A.,9761,0.17,80,0,6
RISTOSERVICE S.R.L.,2822,0.17,18,0,12
VIRMA S.P.A.,5034,0.17,30,0,28
I.P.A. INDUSTRIA PORCELLANE S.P.A.,3261,0.17,26,0,4
ALI GROUP S.R.L.,9968,0.17,71,0,26
DELL'ORTO S.P.A.,8537,0.17,38,0,70
STOCK HOUSE ITALIA LOGISTIC - SRL,1602,0.17,2,0,24
APERAM STAINLESS SERVICES & SOLUTIONS ITALY SRL,7097,0.17,51,0,16
BOLTON MANITOBA S.P.A.,12412,0.17,48,36,12
PILOT ITALIA S.P.A.,5438,0.17,25,12,6
BOSCH REXROTH OIL CONTROL S.P.A.,2894,0.17,15,0,20
SPEKTRA S.R.L.,6826,0.17,50,0,18
ENERGYA S.P.A.,5752,0.17,48,0,4
EIGENMANN & VERONELLI S.P.A.,5874,0.16,41,0,14
CONSORZIO DESIO-BRIANZA,4424,0.16,0,3,64
GIOMA VARO SRL,2220,0.16,18,0,0
TECNOSTAMP TRIULZI GROUP S.R.L.,3294,0.16,23,0,6
RISO SCOTTI S.P.A.,13165,0.16,96,0,18
BOEHRINGER INGELHEIM ITALIA - S.P.A.,1159,0.16,0,0,18
IMR-INDUSTRIALESUD S.P.A.,1275,0.16,8,0,4
EXPEDITORS INTERNATIONAL ITALIA S.R.L.,6303,0.16,11,0,76
HENKEL ITALIA S.R.L.,14572,0.16,110,6,2
JT INTERNATIONAL ITALIA S.R.L.,6630,0.16,29,12,12
LVMH PROFUMI E COSMETICI ITALIA S.R.L.,882,0.16,5,0,4
KSB ITALIA S.P.A.,4938,0.16,24,0,32
SOCIETA' ITALIANA ACCIAI TUBI SIAT SOCIETA' PER AZIONI CON SIGLA SIAT SPA,4897,0.16,24,0,30
ISTITUTO EUROPEO DI ONCOLOGIA SRL,7676,0.16,6,24,38
ALVECO S.R.L.,1951,0.16,14,0,4
PRENATAL RETAIL GROUP S.P.A.,8061,0.16,36,15,8
SONATRACH RAFFINERIA ITALIANA S.R.L.,5777,0.16,43,0,8
GELSIA S.R.L.,8028,0.16,32,0,63
GRUPPO SAPIO (1),9005,0.16,44,3,43
FREUD S.P.A.,3967,0.16,15,9,6
"CONSORZIO NAZIONALE PER LA RACCOLTA, IL RICICLO E IL RECUPERO DEGLI IMBALLAGGI IN PLASTICA",6875,0.16,46,0,20
ELLE EMME LOGISTICA S.P.A.,4415,0.16,29,0,14
ELIOR RISTORAZIONE S.P.A.,5120,0.16,20,9,16
S.C. JOHNSON ITALY S.R.L.,5191,0.16,18,12,10
PRENATAL S.P.A.,8036,0.16,36,15,8
OLON S.P.A.,8989,0.16,51,3,33
"EGIDIO GALBANI SOCIETA' A RESPONSABILITA' LIMITATA IN BREVE ""EGIDIO GALBANI S.R.L."" O ""E.GA. S.R.L.""",5016,0.16,18,0,44
BORMIOLI PHARMA S.P.A.,9453,0.16,75,0,4
BUSINESS INTEGRATION PARTNERS S.P.A.,3838,0.16,18,3,16
SIR INDUSTRIALE S.P.A.,4810,0.15,33,0,6
MEDIAMARKET SPA,4089,0.15,5,0,50
"SNAM RETE GAS S.P.A. O, IN FORMA ABBREVIATA SNAM RG S.P.A.",3817,0.15,7,0,42
PHILIPS S.P.A.,10365,0.15,58,0,38
ALTUGLAS S.R.L.,10453,0.15,65,3,16
OLTREFRONTIERA PROGETTI S.R.L.,3378,0.15,12,0,28
CHRISTIAN DIOR ITALIA S.R.L.,934,0.15,5,0,4
FIERA MILANO S.P.A.,7796,0.15,42,0,30
FRUTTITAL S.R.L.,5428,0.15,36,0,8
MONDELEZ ITALIA S.R.L.,5746,0.15,35,0,17
NAMED S.R.L. **,11530,0.15,0,6,157
AB.M MILANO S.R.L.,4516,0.15,18,0,32
EUROTRANCIATURA S.P.A.,2979,0.15,18,0,10
IRIDEOS S.P.A.,919,0.15,0,0,14
EDENRED UTA MOBILITY SRL,3632,0.15,18,0,18
TRILLIUM PUMPS ITALY S.P.A. *,7452,0.15,54,0,6
ADIDAS ITALY S.P.A.,2157,0.15,2,0,28
FILMCUTTER ADVANCED MATERIAL S.R.L.,1654,0.15,12,0,0
CIP LOMBARDIA SRL,5552,0.15,32,0,18
DELL ORTO GIAN PAOLO S.P.A.,4838,0.15,20,0,34
MATICMIND S.P.A.,7562,0.15,27,18,2
NESTLE' ITALIANA S.P.A. IN FORMA ABBREVIATA NE.IT. S.P.A.,7766,0.15,40,0,38
A2A GENCOGAS S.P.A.,4998,0.15,21,0,34
CMO GROUP S.R.L.,3983,0.15,30,0,0
TENOVA S.P.A.,7883,0.15,55,0,11
FRESH WAYS S.R.L.,2465,0.15,0,0,38
WEG ITALIA S.R.L.,1563,0.15,12,0,0
ROSLER ITALIANA SRL,5785,0.14,36,0,8
PARKER HANNIFIN ITALY S.R.L.,589,0.14,3,0,2
VEOS S.P.A. **,12747,0.14,18,0,146
PIETRO CORICELLI - S.P.A.,3488,0.14,24,0,0
SOCIOSFERA ONLUS SOCIETA' COOPERATIVA SOCIALE,5256,0.14,0,18,22
LATTONEDIL S.P.A. MILANO,3393,0.14,20,0,6
LA NETTATUTTO S.R.L.,2300,0.14,2,0,28
RECKITT BENCKISER COMMERCIAL (ITALIA) S.R.L.,1746,0.14,9,0,6
VIO & C. S.R.L.,1559,0.14,0,0,22
STAUBLI ITALIA S.P.A.,4403,0.14,21,0,18
TESI S.P.A.,4499,0.14,17,0,30
HISENSE ITALIA SRL,4821,0.14,27,0,12
GENERTEC ITALIA S.R.L.,2628,0.14,16,0,4
EUROITALIA S.R.L. **,4277,0.14,30,0,2
ALTEN ITALIA S.P.A.,6879,0.14,6,12,46
ASC SOCIETA' A RESPONSABILITA' LIMITATA IN BREVE ASC S.R.L.,4554,0.14,11,0,40
SPEKTRA - AGRI S.R.L.,9790,0.14,62,0,16
CONTINENTAL ITALIA S.P.A. PNEUMATICI PRODOTTI DI GOMMA E PLASTICI,6091,0.14,8,0,70
ATAM S.P.A.,5474,0.14,27,0,20
F R A M S.R.L.,3803,0.14,24,0,6
EGIMOTORS S.R.L.,1616,0.14,0,0,22
HP23 S.R.L.,3620,0.14,2,0,48
DIVERSEY S.P.A.,6201,0.14,41,0,6
BOREALIS ITALIA S.P.A.,2217,0.14,15,0,0
NOVABIT S.R.L.,2791,0.14,18,0,4
OPELLA HEALTHCARE ITALY SRL O OPELLA HEALTHCARE ITALY SRL SOCIETA' BENEFIT,4443,0.14,26,0,12
MAKINO S.R.L.,3014,0.14,0,0,42
OFFICINE VICA S.P.A.,3332,0.14,0,15,2
"BECTON, DICKINSON ITALIA S.P.A.",5002,0.14,32,0,6
PIRELLI TYRE SPA,11667,0.14,18,0,124
TURCONI SPA,4339,0.14,18,3,16
MASCHERONI S.R.L.,5624,0.14,0,0,80
ASC S.R.L.,3913,0.14,11,0,34
CANTARELLA & MOLTENI S.R.L.,3352,0.13,12,0,20
YOU LOG S.P.A.,14730,0.13,30,3,116
2I RETE GAS S.P.A.,5436,0.13,21,0,30
PUBLITALIA 80 CONCESSIONARIA PUBBLICITA S.P.A. E IN FORMA ABBREVIATA PUBLITALIA 80 S.P.A.,7101,0.13,5,0,80
MOSCA MOTORI S.R.L.,1538,0.13,0,0,20
TRILUX ITALIA S.R.L.,13281,0.13,81,0,16
BSH ELETTRODOMESTICI S.P.A.,5236,0.13,21,3,16
INTESA SANPAOLO RENT FORYOU S.P.A.,4582,0.13,17,0,24
SORGENIA PUGLIA S.P.A.,8665,0.13,36,6,24
ARCO SPEDIZIONI S.P.A.,3988,0.13,2,0,46
MIREX SPA,2843,0.13,14,0,8
LAPP ITALIA S.R.L.,5577,0.13,26,0,20
KELLOGG ITALIA SPA,5253,0.13,17,3,26
CARLO BRAMBILLA S.R.L.,2056,0.13,12,0,2
JOHN DEERE ITALIANA S.R.L.,4941,0.13,18,0,30
KPMG S.P.A.,3891,0.13,16,3,10
CARTONGRAF 1890 S.R.L.,2681,0.13,11,0,12
METAL WORK HOLDING S.P.A.,4028,0.13,20,0,12
UNITED PARCEL SERVICE ITALIA SRL,1511,0.13,8,0,4
TEKNA CHEM S.P.A.,6142,0.13,35,0,12
CAVOTEC SPECIMAS SPA,5146,0.13,23,0,22
ADI ENERGIA S.R.L.,5714,0.13,20,0,34
AMAZON DATA SERVICES ITALY S.R.L.,15576,0.13,33,3,132
DSV S.P.A.,19563,0.13,53,0,142
"""ANHEUSER - BUSCH INBEV ITALIA SPA"" OVVERO IN FORMA ABBREVIATA ""AB INBEV ITALIA SPA""",11860,0.13,16,0,118
AON S.P.A. INSURANCE & REINSURANCE BROKERS O IN FORMA ABBREVIATA AON S.P.A.,2874,0.13,14,0,8
GRUPPO COLZANI S.R.L.,5235,0.13,0,0,70
BASF ITALIA S.P.A.,2689,0.13,18,0,0
BOFFI S.P.A.,6260,0.13,35,0,14
RECORDATI INDUSTRIA CHIMICA E FARMACEUTICA S.P.A. IN BREVE RECORDATI S.P.A.,8126,0.13,36,0,30
SOL S.P.A. (1),12935,0.13,69,3,18
HIWIN S.R.L.,7141,0.13,32,6,14
COSMELUX S.R.L.,3798,0.13,21,0,6
RANDSTAD ITALIA S.P.A.,7304,0.12,26,0,34
SORGENIA TRADING S.P.A.,10808,0.12,41,6,26
"PANDORA ITALIA SOCIETA' A RESPONSABILITA' LIMITATA IN BREVE ""PANDORA ITALIA S.R.L.""",2600,0.12,10,0,12
STAR S.P.A.,3588,0.12,9,3,16
TOTALENERGIES EP ITALIA S.P.A.,3870,0.12,16,0,16
GAS SALES S.R.L.,8669,0.12,17,0,74
COMAP S.R.L.,964,0.12,3,0,6
COMPAGNIA ITALIANA FORME ACCIAIO S.P.A. NELLA FORMA ESTESA E CIFA S.P.A. NELLA FORMA ABBREVIATA,5733,0.12,20,0,28
MOELLHAUSEN SPA,4675,0.12,27,0,0
MARTEC MARINE S.P.A.,1837,0.12,2,0,18
MULTIMEDICA S.P.A.,6797,0.12,0,12,46
IMCD ITALIA S.P.A.,2769,0.12,15,0,4
CANALI HOLDING SOCIETA' PER AZIONI,2113,0.12,2,0,22
MICYS COMPANY S.P.A.,12000,0.12,20,24,32
WORTHINGTON S.R.L. (1),3709,0.12,15,0,14
PARTECIPAZIONI SOCIETA' ALIMENTARI S.R.L. O PIU' BREVEMENTE PARTESA S.R.L.,2697,0.12,10,0,12
GS SPA,6023,0.12,12,3,40
INTERZERO ITALY S.R.L.,17228,0.12,93,0,22
GILEAD SCIENCES S.R.L.,6587,0.12,33,0,16
STOCCAGGI GAS ITALIA SPA O IN FORMA ABBREVIATA STOGIT SPA,5936,0.12,6,0,62
RITRAMA S.P.A.,7039,0.12,30,0,22
RODACCIAI S.P.A.,9804,0.12,60,0,0
AXALTA COATING SYSTEMS ITALY SRL,5590,0.12,27,0,12
ECOSAN S.R.L.,812,0.12,4,0,2
ZAPPA S.R.L.,7785,0.12,24,0,48
EPTA S.P.A.,7886,0.12,39,0,16
WITTMANN BATTENFELD ITALIA SRL,7456,0.12,35,0,16
GRENKE LOCAZIONE S.R.L.,8588,0.12,45,0,14
UNION FOAM S.P.A.,6776,0.12,36,0,8
ROYAL GREENLAND ITALIA SOCIETA' PER AZIONI,13843,0.12,79,0,8
CEBA INGRANAGGI S.R.L.,3053,0.12,18,0,0
BIREL ART S.R.L.,6537,0.12,0,0,80
TOSHIBA TEC ITALIA IMAGING SYSTEMS S.P.A.,4119,0.12,19,0,12
SIEMENS S.P.A.,6295,0.12,6,3,52
RIVA LOGISTIC & SERVICE S.R.L.,5024,0.12,2,0,56
AMIACQUE SRL,1480,0.12,6,0,6
ATOS ITALIA S.P.A.,8050,0.12,24,0,52
CHANEL S.R.L.,8646,0.12,20,12,28
AMILON SRL,7809,0.12,45,0,2
MARTEC S.P.A.,2737,0.12,5,0,22
FRIGERIO VIAGGI SRL,6860,0.12,6,0,68
WEBUILD ITALIA SPA,4094,0.12,0,3,39
SCHINDLER - SOCIETA' PER AZIONI,10890,0.12,36,0,60
ENEGREEN S.P.A.,4875,0.11,20,0,14
VAILOG S.R.L.,7014,0.11,12,0,56
ELSTER S.R.L.,2146,0.11,5,0,14
BENCINI CESARE S.R.L.,1951,0.11,4,0,14
MARIANI AUTO SRL,6051,0.11,3,0,58
SMITH & NEPHEW SRL,10795,0.11,20,3,75
WEBUILD S.P.A.,15903,0.11,61,3,46
BOLLORE' LOGISTICS ITALY S.P.A.,2108,0.11,2,0,20
TECNAIR S.P.A.,2492,0.11,14,0,0
POLYEDRA S.P.A.,3981,0.11,9,9,0
PAGANI INDUSTRIE ALIMENTARI S.P.A.,6030,0.11,25,0,14
WIND TRE ITALIA S.P.A.,7922,0.11,26,3,24
VITERRA ITALY S.R.L.,1270,0.11,6,0,2
SABIC ITALIA S.R.L.,4659,0.11,11,0,30
SOLVAY SOLUTIONS ITALIA S.P.A.,6838,0.11,23,0,26
THYSSENKRUPP ELECTRICAL STEEL ITALIA S.R.L.,6208,0.11,32,0,4
DHL GLOBAL FORWARDING (ITALY) S.P.A.,869,0.11,2,0,6
AGRIFARMA SPA,4774,0.11,11,9,2
TONCAR S.R.L.,5297,0.11,27,0,5
SIRTI - SOCIETA' PER AZIONI,9984,0.11,24,9,32
ROLEX ITALIA S.P.A. IN BREVE ROL.IT. S.P.A.,4185,0.11,2,0,40
GAMMA CHIMICA S.P.A.,4608,0.11,12,6,10
AMGEN S.R.L.,5941,0.11,15,9,8
I.M.P. S.P.A.,5101,0.11,21,0,12
CAPSOL S.P.A.,4088,0.11,18,0,10
DOCEBO S.P.A.,7394,0.11,10,6,46
CRS HOME S.R.L.,1832,0.11,6,0,8
GE MEDICAL SYSTEMS ITALIA S.P.A,6350,0.11,20,3,20
TRANS TUNISIAN PIPELINE COMPANY S.P.A.,4156,0.11,0,0,44
MET ENERGIA ITALIA S.P.A.,9427,0.11,34,0,40
BERTO S.R.L.,4488,0.11,21,0,8
CAVE ROCCA S.R.L.,2252,0.11,11,0,2
ACCIAI BRIANZA S.P.A.,4992,0.11,23,0,10
THE JUICE PLUS+ COMPANY SRL,4861,0.11,2,15,6
POLICLINICO SAN DONATO S.P.A.,6252,0.11,0,12,34
KION RENTAL SERVICES S.P.A.,4944,0.11,20,0,12
RIZZOLI CORRIERE DELLA SERA MEDIAGROUP SPA O IN FORMA ABBREVIATA RCS MEDIAGROUP SPA O RCS S.P.A.,14854,0.11,41,0,80
AL DAHRA EUROPE S.R.L.,7388,0.11,39,0,6
PROFIMED SRL,3339,0.11,18,0,2
I.M.P. INDUSTRIA METALLI PRESSOFUSI SRL,2621,0.11,0,0,30
TECNIMONT S.P.A.,1914,0.11,6,0,10
WORLD FUEL SERVICES ITALY S.R.L.,1720,0.1,5,0,8
MARCEGAGLIA BUILDTECH S.R.L.,3004,0.1,9,0,12
THE WALT DISNEY COMPANY ITALIA S.R.L.,3355,0.1,5,0,22
PONZINI HOLDING S.R.L.,1584,0.1,5,0,6
SYNGENTA ITALIA S.P.A.,8580,0.1,41,0,4
GELSIA AMBIENTE S.R.L.,6096,0.1,5,0,54
BRIANZACQUE S.R.L.,23329,0.1,36,0,154
ROVAGNATI SPA,7165,0.1,24,0,22
AMSA AZIENDA MILANESE SERVIZI AMBIENTALI SPA IN FORMA ABBREVIATA AMSA SPA,8421,0.1,41,0,4
AXA ITALIA SERVIZI S.C.P.A.,7045,0.1,14,9,12
SALMOIRAGHI & VIGANO' S.P.A. E - IN FORMA ABBREVIATA - S&V S.P.A.,1218,0.1,2,0,8
PILZ ITALIA S.R.L.,18044,0.1,45,0,98
F.LLI MASCIAGHI S.R.L.,4314,0.1,8,3,16
BETA UTENSILI S.P.A.,5745,0.1,6,0,48
PIGOMMA SOCIETA' PER AZIONI,3786,0.1,15,0,8
KVADRAT S.P.A.,6537,0.1,29,0,6
MIRABELLO CARRARA S.P.A.,4806,0.1,18,0,14
NEOPHARMED GENTILI S.P.A.,6886,0.1,30,3,0
BUILDING DIVISION S.R.L.,3219,0.1,2,3,18
ARGOS S.P.A.,6932,0.1,9,0,54
OMEGA-IFS S.R.L.,2824,0.1,2,6,6
GIUSSANI GROUP SRL,3129,0.1,6,6,2
ENERGEAN ITALY S.P.A.,3142,0.1,13,0,6
ACCENTURE S.P.A.,14949,0.1,65,0,16
SD CHEMICALS SRL,5559,0.1,26,0,6
AIR LOGISTICS S.R.L.,2617,0.1,2,0,21
VOLVO GROUP ITALIA S.P.A.,1790,0.1,2,0,14
ENGIE ITALIA SPA,7355,0.1,30,0,16
HALLSTAR ITALIA SRL,5796,0.1,20,3,8
VAMP TECHNOLOGIES S.P.A.,1977,0.1,2,0,16
BIMAN S.R.L.,1216,0.1,2,0,8
GALFIN S.R.L.,1158,0.1,2,0,8
VIVISOL NAPOLI S.R.L.,6220,0.1,26,0,8
CONSORZIO X-RESPONSE,2330,0.1,5,0,14
AVANADE ITALY S.R.L.,5987,0.1,23,3,4
FUMAGALLI DANILO S.R.L.,7546,0.1,0,21,12
EUROFLORA SRL,2462,0.1,0,0,24
O.M.A. S.R.L.,3909,0.1,11,0,18
DOX-AL ITALIA S.P.A. **,3711,0.1,11,0,14
MAURI BUS SYSTEM SRL,4552,0.1,3,0,38
EXENTIAL CONSULTING S.R.L.,3586,0.1,0,0,36
ESPRINET S.P.A.,16308,0.1,60,0,36
GREENCHEMICALS S.R.L.,3218,0.1,2,9,0
BRICOCENTER ITALIA S.R.L.,3920,0.1,10,0,18
BOXLINE UNITED CARGO LINK S.R.L.,4115,0.1,0,0,43
PANZERI CARLO S.R.L.,16694,0.1,75,0,12
ROCHE DIAGNOSTICS S.P.A. *,639,0.09,3,0,0
SHELL ITALIA OIL PRODUCTS S.R.L.,898,0.09,2,0,4
ARCELORMITTAL COMMERCIAL ITALY SRL,3207,0.09,12,0,6
AUTOLOCATELLI S.R.L.,9106,0.09,0,0,86
DHL SUPPLY CHAIN (ITALY) S.P.A.,877,0.09,2,0,4
"NESTLE' PURINA COMMERCIALE S.R.L. IN FORMA ABBREVIATA ""PUR.IT S.R.L.""",8807,0.09,2,0,74
BMW ITALIA SPA,8479,0.09,26,0,26
ESSELUNGA SPA,4321,0.09,18,0,4
HAMILTON ITALIA SRL,6115,0.09,15,3,14
POSCO INTERNATIONAL ITALIA SRL,903,0.09,2,0,4
GRUPPO CIMBALI S.P.A.,8972,0.09,30,3,16
FRATELLI GIACOMEL S.P.A.,5136,0.09,2,0,42
ISA S.P.A.,5888,0.09,24,0,4
MEREGALLI IMPIANTI TERMOTECNICI S.R.L.,1328,0.09,3,0,6
CARGILL S.R.L.,2277,0.09,0,0,20
SEAWAY S.R.L.,1747,0.09,0,0,16
GUILLIN ITALIA S.P.A.,5485,0.09,20,0,10
MILANO SERRAVALLE - MILANO TANGENZIALI S.P.A.,7615,0.09,0,0,72
PIAZZA ITALIA S.P.A.,5865,0.09,2,6,32
OSPEDALE GALEAZZI S.P.A.,5344,0.09,3,0,40
CONFORAMA ITALIA S.P.A.,7171,0.09,5,9,26
GAZPROM ITALIA S.P.A.,7224,0.09,0,3,57
BABCOCK WANSON ITALIANA S.P.A.,4982,0.09,21,0,2
SISAL ENTERTAINMENT S.P.A.,865,0.09,2,0,4
DOW ITALIA DIVISIONE COMMERCIALE S.R.L.,9271,0.09,36,0,10
CEPAV (CONSORZIO ENI PER L'ALTA VELOCITA')DUE,4964,0.09,14,0,18
T.W.S. EXPRESS COURIER S.R.L.,5450,0.09,0,0,48
SICAM SOCIETA' ITALIANA COMMERCIO ACCIAI E METALLI S.P.A.,890,0.09,2,0,4
IL SOLE 24 ORE S.P.A.,16417,0.09,25,15,56
HONEYWELL S.R.L.,3441,0.09,0,0,30
INTERNATIONAL POWER COMPONENTS S.R.L.,8359,0.09,38,0,0
ADVIPLAST S.P.A.,4320,0.09,16,0,6
NALCO ITALIANA S.R.L.,867,0.09,2,0,4
VELCRO ITALIA S.R.L.,5596,0.09,18,0,12
ELESA S.P.A.,16027,0.09,38,0,72
GOGLIO S.P.A. O IN FORMA ESTESA GOGLIO LUIGI MILANO S.P.A.,7796,0.09,32,0,10
TO.MARKET S.R.L.,4595,0.09,11,3,12
HEIDRUN EUROPLASTIC SRL,2998,0.09,5,0,16
MARELLI SALVATORE S.R.L.,3148,0.09,2,0,24
DAL CIN GILDO S.P.A.,2583,0.09,9,0,4
RIVA ACCIAIO S.P.A.,5084,0.09,10,3,18
BERETTA SRL,5922,0.09,12,0,30
COMMUNICATION VIDEO ENGINEERING S.R.L.,6361,0.09,3,0,51
SIEMENS HEALTHCARE S.R.L.,5952,0.09,9,6,20
STANLEY BLACK & DECKER ITALIA S.R.L.,1381,0.09,2,0,8
METRO ITALIA S.P.A.,3424,0.09,11,0,8
CISCO PHOTONICS ITALY S.R.L,6703,0.09,21,0,16
FOOT LOCKER ITALY SRL,880,0.09,2,0,4
NOKIA SOLUTIONS AND NETWORKS ITALIA S.P.A. IN FORMA ABBREVIATA NSN ITALIA S.P.A.,5242,0.09,4,0,40
COMPO EXPERT ITALIA S.R.L.,3024,0.09,9,0,8
KNORR-BREMSE SISTEMI PER AUTOVEICOLI COMMERCIALI S.P.A.,1592,0.09,2,0,10
WORK GROUP S.R.L.,4015,0.09,14,0,10
UTILITA' S.P.A.,5985,0.09,27,0,2
NICE S.R.L. MANIFATTURA TESSILE,3718,0.09,2,0,28
AB MEDICA S.P.A.,6936,0.09,15,0,34
GF MACHINING SOLUTIONS SPA,5283,0.08,19,0,4
MESSAGGERIE LIBRI S.P.A.,5001,0.08,0,6,20
PERFETTI VAN MELLE S.P.A.,3926,0.08,9,0,12
LG ELECTRONICS ITALIA S.P.A.,12683,0.08,44,0,10
"""BEKO ITALY S.R.L.""",6740,0.08,17,0,20
ELECTRALINE 3PMARK SPA **,2971,0.08,12,0,0
OFFERTA SOCIALE AZIENDA SPECIALE CONSORTILE,2618,0.08,0,0,22
CEDACRI S.P.A.,6802,0.08,17,0,22
MEKTECH SRL,4273,0.08,9,3,8
WOODTECH ITALIA S.R.L.,1696,0.08,6,0,2
AMAZON ONLINE ITALY S.R.L.,10816,0.08,14,0,58
CANDY S.P.A.,11283,0.08,28,0,39
OPTIMUM MEDIA DIRECTION S.R.L. IN BREVE OMD S.R.L.,5429,0.08,2,0,42
"AZIENDA REGIONALE PER L'INNOVAZIONE E GLI ACQUISTI S.P.A., IN BREVE ""ARIA S.P.A.""",2241,0.08,6,0,6
SOLETO S.P.A.,4414,0.08,2,9,6
MITSUI E&P ITALIA B S.R.L.,2255,0.08,5,0,8
WESTCON GROUP ITALIA S.R.L.,4478,0.08,5,0,24
E.ON BUSINESS SOLUTIONS S.R.L.,1017,0.08,2,0,4
SERVIZI ENERGIA ITALIA S.P.A.,2308,0.08,9,0,0
CEVA SALUTE ANIMALE S.P.A.,3382,0.08,2,3,13
WHIRLPOOL ITALIA S.R.L.,5329,0.08,15,0,12
ITALIA MARKET S.R.L.,2807,0.08,2,0,18
REAL FORMAGGI SRL,3605,0.08,0,0,30
PRADA S.P.A.,4432,0.08,0,6,17
GRUPPO VRV S.R.L. (2),7454,0.08,17,0,26
KROLL ADVISORY HOLDING S.P.A.,4717,0.08,18,0,4
MA.SI GROUP S.R.L.,4587,0.08,2,0,34
E.P.M. S.P.A. **,3416,0.08,10,0,6
MCI - MARZORATI COMPONENTI INDUSTRIALI SPA,10007,0.08,23,3,22
RECKITT BENCKISER ITALIA SPA,8378,0.08,13,6,24
LEGO S.P.A.,14884,0.08,24,0,69
AGILENT TECHNOLOGIES ITALIA S.P.A.,5805,0.08,0,0,48
G.A.I.A. HOLDING S.R.L.,6033,0.08,2,0,42
BIFIRE S.P.A.,7650,0.08,29,0,6
CISCO SYSTEMS (ITALY) S.R.L.,7140,0.08,5,3,36
SYSTEMAIR ITALY S.R.L.,119066,0.08,39,12,784
BENNET S.P.A.,10411,0.08,24,0,34
SAFETEC S.R.L.,2249,0.08,2,3,4
O.A. LISSONE S.R.L.,1571,0.08,0,2,6
WHIRLPOOL MANAGEMENT EMEA SRL,7246,0.08,8,0,42
A. AGRATI S.P.A.,13617,0.08,40,0,30
LEBEN INGREDIENTS S.R.L.,4911,0.08,14,0,10
CAIMI BREVETTI S.P.A.,6332,0.08,17,0,18
SMC ITALIA SPA,8488,0.08,18,9,4
ROCHE SOCIETA' PER AZIONI,7412,0.08,31,0,0
SIDAS S.P.A. SOCIETA' ITALIANA DISTRIBUZIONE ARTICOLI SPORTIVI **,10494,0.08,2,0,84
INTERCOS S.P.A.,5628,0.08,16,0,12
BAYWA R.E. ENERGY TRADING S.R.L.,7799,0.08,31,0,4
HENNECKE-OMS S.P.A.,12223,0.08,35,0,27
LEADING TECHNOLOGIES S.R.L.,5476,0.08,9,0,26
AZELIS ITALIA S.R.L.,6687,0.08,19,0,15
ESSERENERGIA SPA,6605,0.08,17,0,18
ENGINEERING 2K S.P.A.,3928,0.08,15,0,0
ARTHEA GROUP S.R.L.,2885,0.08,8,0,6
CAB SRL,6230,0.08,0,0,48
ARROW ELECTRONICS ITALIA S.R.L.,2408,0.08,9,0,2
BERLIN PACKAGING ITALY S.P.A.,18066,0.08,59,0,30
DISCOVERY ITALIA S.R.L.,14864,0.08,6,0,106
PLATINO SRL,2850,0.08,2,0,20
CPM SPA,4776,0.08,15,0,8
DNP PHOTOMASK EUROPE S.P.A.,3948,0.08,11,0,10
COOPERATIVA SOCIALE AERIS A R.L.,4463,0.08,2,0,30
"ALIMENTARIA VALDINIEVOLE S.P.A. PIU' BREVEMENTE INDICATA COME: ""ALIVAL S.P.A.""",4804,0.08,2,0,36
EURONICS ITALIA S.P.A.,11906,0.08,0,0,96
MICRON SEMICONDUCTOR ITALIA S.R.L.,9634,0.08,30,0,16
TODINI AND CO. SPA,5471,0.08,15,0,12
ARCA POLIMERI S.R.L.,1803,0.08,5,0,4
EI TOWERS S.P.A.,9081,0.08,12,0,52
BECKHOFF AUTOMATION S.R.L.,9336,0.08,24,0,30
CISETTE SOCIETA' CONSORTILE A RESPONSABILITA' LIMITATA,1062,0.08,2,0,4
INDUSTRIES S.P.A.,2014,0.08,5,0,6
NICHEL LEGHE SPA,1826,0.08,2,0,10
PROMETEON TYRE GROUP S.R.L IN FORMA ABBREVIATA PTG S.R.L.,4694,0.08,11,0,14
UNOENERGY SOCIETA' PER AZIONI,5359,0.08,18,0,6
OFF-WHITE OPERATING S.R.L,3434,0.08,2,0,24
"""REPOWER VENDITA ITALIA S.P.A."" - IN FORMA ABBREVIATA ""REPOWER S.P.A.""",6114,0.08,2,0,42
VALENTINO S.P.A.,12555,0.07,6,9,48
HELUKABEL ITALIA S.R.L.,14603,0.07,24,0,52
MAER ITALIA SOCIETA' A RESPONSABILITA' LIMITATA,4577,0.07,14,0,4
S.E.A.M. SRL SERVIZI ECOLOGICI AMBIENTALI MISINTO,3652,0.07,2,3,14
RO.LA.FER. S.P.A.,1120,0.07,2,0,4
"CONNECT CHEMICALS ITALIA SRL O, IN BREVE CCI SRL",5800,0.07,2,0,36
PENTA PETROLI SRL,1747,0.07,2,0,8
STAR INDUSTRIALE S.R.L.,5029,0.07,5,6,8
ELACHEM S.P.A.,5760,0.07,12,0,14
LUXOTTICA GROUP SPA,10144,0.07,27,0,22
DITTA COLOMBO BIAGIO S.R.L.,1667,0.07,2,0,8
ARDEMAGNI S.P.A.,7111,0.07,20,0,8
VOLVO GROUP RETAIL ITALIA S.R.L.,7201,0.07,2,0,44
PLAX S.P.A. **,4587,0.07,9,3,6
INDES IMBALLAGGI SRL,1477,0.07,2,0,6
DE WAVE S.R.L.,8067,0.07,30,0,0
"CCS JV S.C.A R.L. O, IN FORMA ABBREVIATA CCS S.C.A R.L.",3570,0.07,2,0,22
BRICO IO S.P.A.,9375,0.07,8,6,30
MAPRO INTERNATIONAL MACCHINE PNEUMATICHE ROTATIVE S.P.A.,7066,0.07,18,3,8
E.P.CART S.R.L.,1747,0.07,2,0,8
OCV ITALIA S.R.L.,8436,0.07,14,3,26
ACCENTURE TECHNOLOGY SOLUTIONS S.R.L.,9893,0.07,34,0,6
TESSITURA ORESTE MARIANI S.P.A.,3879,0.07,5,3,8
ELETTRONICA INDUSTRIALE SPA,7073,0.07,6,0,38
CHEMETALL ITALIA S.R.L.,3531,0.07,9,0,8
HERMES ITALIE S.P.A.,2811,0.07,2,0,16
SAMSUNG ELECTRONICS ITALIA S.P.A.,27777,0.07,39,0,112
MAPEI S.P.A.,30286,0.07,57,0,102
"""COVISIAN SOCIETA' PER AZIONI"" O, IN FORMA ABBREVIATA ""COVISIAN S.P.A.""",7033,0.07,2,0,42
ASTRAZENECA S.P.A.,15965,0.07,12,9,62
AARTEE DISTRIBUZIONE ITALIA SRL,3627,0.07,8,0,8
TECNOIDEA IMPIANTI S.R.L.,3451,0.07,9,0,6
BUILDING SERVICES BRIANZA SRL,5585,0.07,5,3,20
LA RINASCENTE S.P.A,8804,0.07,2,15,16
BERETTA ALFREDO S.R.L.,1821,0.07,6,0,0
OREC NETWORK SOCIETA' CONSORTILE A R.L.,6108,0.07,2,0,40
"GLAXOSMITHKLINE CONSUMER HEALTHCARE S.R.L. IN BREVE ""GLAXOSMITHKLINE CH S.R.L."", ""GSK CONSUMER HEALTHCARE S.R.L."", ""GSK CH S.R.L.""",10533,0.07,0,0,70
SKECHERS USA ITALIA S.R.L.,15050,0.07,2,0,96
PRIMARK ITALY S.R.L.,5824,0.07,14,0,14
TEVA ITALIA S.R.L.,6037,0.07,17,0,6
GIORGETTI S.P.A.,9991,0.07,12,6,26
LOGICOM ITALIA S.R.L.,3290,0.07,5,0,14
IBM ITALIA S.P.A.,10764,0.07,14,3,41
CBS LAVORO S.P.A.,4200,0.07,3,0,24
VIAVI SOLUTIONS ITALIA S.R.L.,4641,0.07,9,0,14
O.M.M. SRL DELL'ING. ROBERTO NATALE MARIANI,1157,0.07,2,0,4
OERLIKON BALZERS COATING ITALY S.P.A.,7005,0.07,11,0,28
O.M.V. OFFICINE METALLURGICHE VENTURA S.P.A.,3008,0.07,2,0,16
"ITALATTE SOCIETA' A RESPONSABILITA' LIMITATA IN BREVE ""ITALATTE S .R.L.""",2735,0.07,2,0,14
EMAR GIANNOBI S.R.L.,5053,0.07,8,3,8
ROTOLITO S.P.A.,3637,0.07,5,0,17
DIFARCO S.R.L.,6488,0.07,0,0,48
AVNET EMG ITALY S.R.L.,8401,0.07,10,3,26
S.A.P. ITALIA SISTEMI APPLICAZIONI PRODOTTI IN DATA PROCESSING S.P.A.,1638,0.07,2,0,8
MONT-ELE SRL,2451,0.07,0,0,16
"PRIME GREEN SOLUTIONS BENEFIT S.P.A. O IN FORMA ABBREVIATA ""PRIME GREEN SOLUTIONS S.P.A. SB""",6562,0.07,2,0,40
BRIVAPLAST S.R.L.,1995,0.07,3,0,8
I.V.M. S.P.A.,5470,0.07,18,0,0
P. & C. PRODUCTS S.R.L.,2096,0.07,2,0,10
INSTRUMENTATION LABORATORY S.P.A.,11236,0.07,31,0,14
ALFA LAVAL ITALY S.R.L.,8738,0.07,19,0,22
AMAZON ITALIA TRANSPORT S.R.L.,7555,0.07,8,3,30
SANGECO SOCIETA' CONSORTILE A R.L.,2728,0.07,0,0,18
WINOA ITALIA S.R.L.,8230,0.07,16,0,24
STILL S.P.A.,7478,0.07,3,0,48
CORIONI S.R.L.,2511,0.07,6,0,6
WAYNE FUELING SYSTEMS ITALIA S.R.L.,4883,0.07,15,0,6
GIANETTI FAD WHEELS S.R.L.,1771,0.07,2,0,8
GIORGIO ARMANI RETAIL S.R.L. IN FORMA ABBREVIATA G.A. RETAIL S.R.L.,2307,0.07,2,0,12
F.LLI MOLTENI S.P.A.,4330,0.07,2,0,26
EUROFED S.R.L.,7096,0.07,14,0,22
E.ON ENERGIA S.P.A.,4000,0.07,6,0,18
AMBU S.R.L.,18600,0.06,22,3,64
ENGEL ITALIA SRL,12217,0.06,21,6,16
I & D S.R.L.,3488,0.06,0,0,20
MAN AND MACHINE SOFTWARE S.R.L.,11732,0.06,18,0,30
SACCHI GIUSEPPE S.P.A.,14148,0.06,11,6,38
SMITHS DETECTION ITALIA S.R.L.,4152,0.06,5,0,14
TCT MOBILE ITALY S.R.L.,1271,0.06,2,0,4
MULTITEL PAGLIERO S.P.A.,2477,0.06,0,0,14
LIMA EUSIDER S.R.L.,3506,0.06,8,0,4
FORTINET SECURITY ITALY S.R.L.,7171,0.06,2,0,36
L.A.I.E.F. S.R.L. LAVORAZIONI ACCIAIO INOX E FERRO S.R.L.,2063,0.06,2,0,8
ACCIAIERIE D'ITALIA S.P.A.,12405,0.06,3,3,60
JOHN CRANE ITALIA S.P.A.,12273,0.06,20,0,36
EURO-TRADE SPA,6796,0.06,2,0,40
CONSORZIO LOMBARDO PER LA RIQUALIFICAZIONE ENERGETICA,1247,0.06,2,0,4
F.A.I.R. S.R.L.,4313,0.06,0,0,24
ENGICO SRL,3545,0.06,3,0,16
CO.PA.DA. S.R.L.,2606,0.06,2,0,12
ARCO LOGISTICA S.R.L.,3701,0.06,0,0,24
HOMAG ITALIA S.P.A.,7235,0.06,10,0,23
GARO DOTT.ING.ROBERTO GABBIONETA S.R.L.,5646,0.06,8,3,10
SYNERGY S.R.L.,4221,0.06,9,0,8
BECKMAN COULTER S.R.L.,3406,0.06,0,0,22
PATHEON ITALIA S.P.A.,4735,0.06,2,0,24
M.E. S.P.A.,3865,0.06,0,3,16
COCA-COLA HBC ITALIA S.R.L.,2350,0.06,0,0,14
SAVE S.P.A.,4636,0.06,6,0,14
FOODEX S.R.L.,1058,0.06,0,0,6
PRYSMIAN POWERLINK S.R.L.,594861,0.06,57,69,3178
G.A. OPERATIONS S.P.A.,4116,0.06,2,0,20
HELM ITALIA SRL,2457,0.06,2,0,10
SKILLS IN HEALTHCARE ITALIA S.R.L.,2611,0.06,4,0,8
BBB S.P.A.,3498,0.06,3,0,16
KOLMAR ITALIA S.R.L.,5081,0.06,10,0,8
FRESH TROPICAL SRL BY JAWAD,2927,0.06,0,0,18
INTERCOS EUROPE S.P.A.,6666,0.06,15,0,12
I.R.L. S.R.L.,2787,0.06,2,0,12
MAB S.P.A.,3680,0.06,9,0,4
HYUNDAI MOTOR COMPANY ITALY S.R.L.,6350,0.06,6,0,24
POLIFIBRA 2011 S.P.A.,2146,0.06,2,0,8
AGENZIA ANTONIO PIROVANO S.R.L.,7181,0.06,0,0,40
D.N.P. INDUSTRIALE SRL,5552,0.06,11,0,14
GSR TECHNOLOGY ITALY S.R.L.,4911,0.06,15,0,0
CAPSULIT S.P.A.,4027,0.06,9,0,8
TELECOM ITALIA SPA O TIM S.P.A.,28394,0.06,36,15,44
PEG PEREGO S.P.A.,6157,0.06,5,0,28
NOKIA SOLUTIONS AND NETWORKS ITALIA S.P.A.,4666,0.06,2,0,22
PREVIERO N. - S.R.L.,3221,0.06,3,0,12
PHD S.R.L.,4197,0.06,6,0,15
CO.MA.CO. 51 S.R.L.,2898,0.06,2,0,14
KA.BO.FER. SRL,1635,0.06,2,0,6
CAIRORCS MEDIA S.P.A.,2869,0.06,3,0,10
PLAYMOBIL ITALIA S.R.L.,2404,0.06,3,0,8
ESTEE LAUDER S.R.L.,7552,0.06,2,0,38
EURONET PAY & TRANSACTION SERVICES S.R.L,1876,0.06,2,0,8
ERRE-CI-A S.P.A.,1757,0.06,2,0,6
STONEX S.R.L.,15851,0.06,18,0,52
DVG DE VECCHI S.R.L.,4272,0.06,5,3,8
FASTWEB SPA,13601,0.06,18,0,46
DYSON S.R.L.,3511,0.06,2,0,16
SORBARA AUTO S.R.L.,7892,0.06,0,0,48
AMBER S.R.L.,5470,0.06,8,0,16
BORSA ITALIANA S.P.A.,9491,0.06,19,0,20
BLUEIT S.P.A. SOCIETA' BENEFIT,8295,0.06,24,0,0
ACCENTURE FINANCIAL ADVANCED SOLUTIONS & TECHNOLOGY S.R.L.,8335,0.06,24,0,6
MELCHIONI S.P.A.,3812,0.06,6,0,10
A.M.G. S.P.A.,2993,0.06,5,0,8
GRUPPO APROCHIMIDE,8361,0.06,15,3,12
OSPEDALE SAN RAFFAELE S.R.L.,6438,0.06,0,3,30
TRENORD S.R.L.,20364,0.06,12,0,106
C.MATIC S.P.A.,7450,0.06,0,0,46
RESSTENDE S.R.L.,5082,0.06,12,0,6
RETITALIA S.P.A.,7577,0.06,0,0,42
SAN CARLO GRUPPO ALIMENTARE S.P.A.,3126,0.06,2,0,14
STARTRADE S.R.L.,3867,0.05,4,0,12
CANON ITALIA S.P.A.,24848,0.05,33,0,66
J.B. CARS S.R.L.,8832,0.05,3,0,40
RECKITT BENCKISER HEALTHCARE (ITALIA) S.P.A.,2481,0.05,2,0,8
MEDTRONIC ITALIA S.P.A.,7072,0.05,6,3,12
SAMP S.P.A.,6380,0.05,12,0,11
BONETTI S.R.L.,1867,0.05,0,0,10
I.D.I. EVOLUTION S.R.L.,3734,0.05,6,0,6
FLEXFORM - S.P.A.,5157,0.05,6,0,16
ALFAMATION S.P.A.,6079,0.05,15,0,2
"""NOVARTIS FARMA SPA""",3914,0.05,2,0,14
LCS S.P.A.,6575,0.05,3,0,24
ELIOGAS SRL,2756,0.05,4,0,6
EBV ELEKTRONIK S.R.L.,7794,0.05,2,0,32
LUIGI FEDELI E FIGLIO S.R.L.,7875,0.05,12,0,12
KURSANA LUNGA VITA SOCIETA' COOPERATIVA SOCIALE - ONLUS,2951,0.05,5,0,6
MANUFACTURES DIOR S.R.L.,1566,0.05,2,0,4
AGRATE MOTORI 2 S.R.L.,2417,0.05,0,0,12
TELEFLEX MEDICAL S.R.L.,3282,0.05,2,3,4
BKW ITALIA S.P.A.,3069,0.05,3,0,8
PELBO S.P.A.,7804,0.05,12,0,14
MAKIRA S.R.L.,1469,0.05,0,0,8
OPEN FIBER S.P.A.,9471,0.05,12,0,24
UNIMEC SPA,4289,0.05,6,0,11
SYNLAB ITALIA S.R.L.,4638,0.05,10,0,4
SALES CONSULTING - SOCIETA' A RESPONSABILITA' LIMITATA,2202,0.05,2,0,8
SORIN GROUP ITALIA SRL,3377,0.05,2,0,14
MIFLEX 2 S.P.A.,2150,0.05,2,0,6
FRETTE S.R.L.,6182,0.05,3,3,14
REDA S.P.A.,4931,0.05,3,0,20
BE.CO. COMMERCIALE ITALIA SRL,1607,0.05,2,0,4
SACCARTA SPA,1606,0.05,0,0,8
REVEVOL ITALIA S.R.L.,2353,0.05,2,0,8
ASG S.P.A.,1757,0.05,2,0,4
S.T.T. SERVIZI TELEMATICI TELEFONICI SRL,3987,0.05,2,0,14
ROTTAPHARM S.P.A.,7720,0.05,9,0,20
GIELLEPI S.P.A.,5691,0.05,3,6,6
BURCKHARDT COMPRESSION (ITALIA) S.R.L.,4820,0.05,3,3,8
TEKMAG S.R.L.,2214,0.05,0,0,12
ACHILLE VALERA LISSONI S.R.L.,4449,0.05,0,0,22
RIALTO S.P.A.,5552,0.05,2,0,22
VELP SCIENTIFICA S.R.L.,13211,0.05,24,0,20
DEVERO GROUP SRL,830,0.05,0,0,4
BORGWARNER MORSE SYSTEMS ITALY S.R.L.,8545,0.05,11,3,16
ELLEMOTORS S.R.L.,3839,0.05,0,0,20
LUTECH S.P.A.,19374,0.05,26,6,20
GIAMBELLI S.P.A.,2494,0.05,2,0,8
RENATO CORTI S.P.A.,8050,0.05,5,3,22
P.O.S.A. - S.P.A.,27726,0.05,29,0,90
AMPLIFON ITALIA S.P.A.,9633,0.05,8,0,34
OLISERVICE S.R.L.,3282,0.05,5,0,8
GIUSEPPE CITTERIO SALUMIFICIO S.P.A. IN BREVE GIUSEPPE CITTERIO S.P.A.,5501,0.05,2,0,24
TOSHIBA GLOBAL COMMERCE SOLUTIONS (ITALY) S.R.L.,3937,0.05,5,0,10
RONZONI S.R.L.,5457,0.05,9,0,12
DEMAG CRANES & COMPONENTS S.R.L.,9993,0.05,2,0,42
THE SWATCH GROUP (ITALIA) S.P.A.,15361,0.05,15,6,29
AMAZON ITALIA LOGISTICA S.R.L.,5723,0.05,11,0,8
GRUPPO FONTANA (1),5111,0.05,6,0,13
TUBI THOR S.P.A.,6961,0.05,12,0,10
BICASA S.R.L.,3526,0.05,9,0,0
ALL SRL,4468,0.05,2,0,18
LATTERIA NOEM SRL,4566,0.05,8,0,8
S.C.A.R. REFRIGERAZIONE S.R.L.,9609,0.05,21,0,10
HANKOOK TIRE ITALIA S.R.L.,2750,0.05,0,0,14
FLAME SPRAY S.P.A.,4460,0.05,4,0,16
HSG S.R.L.,1758,0.05,2,0,4
ALCON ITALIA S.P.A.,3465,0.05,5,3,0
NICKEL AND CO S.R.L.,1646,0.05,2,0,4
RO + TEN S.R.L.,7567,0.05,0,0,36
BAYER S.P.A.,3955,0.05,0,0,18
INSIGHT TECHNOLOGY SOLUTIONS S.R.L.,8831,0.05,24,0,0
CONTRACT DIVISION S.R.L.,2494,0.05,2,0,8
GRUPPO DESA S.P.A.,1616,0.04,3,0,0
TAMINI TRASFORMATORI S.R.L.,9121,0.04,6,0,20
FEDEX EXPRESS ITALY S.R.L.,3251,0.04,2,0,8
IMPERIAL SRL,2840,0.04,2,0,6
SESTO AUTOVEICOLI S.P.A.,7549,0.04,6,0,18
SEPHORA ITALIA S.R.L.,11982,0.04,2,0,48
ORTOFIN SRL,13031,0.04,8,0,32
ANGELO CREMONA SPA,2158,0.04,2,0,4
GN AUDIO ITALY S.R.L.,4283,0.04,5,0,8
SPECIALTRASFO S.P.A.,3963,0.04,0,0,16
VIMOTER SPA,2673,0.04,2,0,8
ALUTRADE S.R.L.,2204,0.04,3,0,2
TESLA ITALY S.R.L.,2530,0.04,2,0,6
VEFER S.P.A.,7400,0.04,14,0,0
COMPO ITALIA S.R.L.,13713,0.04,18,0,20
ZERO+4 S.R.L.,2378,0.04,0,3,0
INDUSTRIE CBI S.P.A. **,2730,0.04,2,0,8
TAF ABRASIVI S.P.A.,2078,0.04,2,0,4
GEN AGRI S.R.L.,5538,0.04,5,0,12
MECAIR SRL,6769,0.04,3,3,12
D.M.B. S.R.L.,1840,0.04,2,0,4
APPLE RETAIL ITALIA S.R.L.,7212,0.04,2,0,26
ITT ITALIA S.R.L.,2812,0.04,2,0,8
CRIPPACAMPEGGIO S.R.L.,14836,0.04,21,0,12
EPIPOLI SPA,5430,0.04,0,0,24
ESSEGOMMA - S.P.A.,3238,0.04,0,0,14
GOOGLE CLOUD ITALY SRL,9800,0.04,2,3,24
KLA TENCOR ITALY S.R.L.,8623,0.04,8,0,16
PROMIGROUP SRL,3795,0.04,5,0,6
BRICOMAN ITALIA S.R.L.,3205,0.04,2,0,8
COOK ITALIA S.R.L.,2431,0.04,2,0,6
EZI S.P.A.,2335,0.04,2,0,6
KASANOVA S.P.A.,37981,0.04,24,0,86
EUROTUBI EUROPA SRL,4955,0.04,0,0,20
GIVIDI FABRICS S.R.L.,3353,0.04,3,0,6
VENUS SPA,11701,0.04,0,0,42
SUAREZ COMPANY S.R.L.,3534,0.04,2,0,10
GARNET S.R.L.,3149,0.04,0,0,12
WATTS INDUSTRIES ITALIA S.R.L.,5603,0.04,9,0,2
BIZERBA SOCIETA' PER AZIONI,3333,0.04,2,0,10
UNICOAL SPA,5789,0.04,3,3,6
LASER - SOCIETA' CONSORTILE A RESPONSABILITA' LIMITATA,3591,0.04,2,0,12
COMIECO CONSORZIO NAZIONALE PER IL RECUPERO ED IL RICICLO DEGLI I MBALLAGGI A BASE CELLULOSICA,6652,0.04,10,0,4
GRUPPO SHOP SRL,4129,0.04,2,0,14
FACEBOOK ITALY S.R.L.,11942,0.04,4,0,36
O.M.E.M. S.P.A. OFFICINE MECCANICHE ERBA-MONZA,2707,0.04,2,0,6
LIBRERIE FELTRINELLI S.R.L.,13835,0.04,0,12,18
ARDUINO S.R.L.,11269,0.04,6,0,36
ORGANIKE S.R.L.,3748,0.04,2,0,10
"CONSORZIO COMUNITA' BRIANZA SOCIETA' COOPERATIVA SOCIALE - IMPRES A
SOCIALE",5072,0.04,3,3,4
IMPRECOM S.R.L.,3556,0.04,6,0,2
FRAMORPOWER SRL,2722,0.04,2,0,8
MYLAN ITALIA S.R.L.,2766,0.04,0,0,12
BIG S.R.L.,2675,0.04,0,0,12
VERNICIATURE D'ARCORE SRL,5960,0.04,0,0,24
MARS ITALIA S.P.A.,3106,0.04,0,0,12
CP TECHNOLOGY S.R.L.,4250,0.04,5,0,8
MIRETTI S.R.L.,3153,0.04,0,0,12
TECON S.P.A.,3948,0.04,3,0,8
RESINE ISOLANTI O.DIENA S.R.L,1646,0.04,2,0,2
SANT'ANDREA SOCIETA' COOPERATIVA SOCIALE,6619,0.04,5,0,14
BONOMI PATTINI GIUSEPPE E FIGLI S.P.A.,13010,0.04,22,0,14
INFORMATION DEVELOPMENT AND AUTOMATION S.R.L.,1925,0.04,2,0,4
JOHN ZINK HAMWORTHY COMBUSTION S.R.L.,8996,0.04,9,0,22
HAWORTH ITALY HOLDING S.R.L.,4913,0.04,5,0,8
SINCO WOOD S.R.L.,4161,0.04,2,0,14
HUMANITAS MIRASOLE S.P.A.,6728,0.04,9,0,8
P.M. INTERNATIONAL ITALIA S.R.L.,6704,0.04,5,3,6
GRUPPO GIMOKA S.P.A.,11682,0.04,19,0,12
ATALA S.P.A.,3669,0.04,0,0,14
ALLIANCE MEDICAL ITALIA S.R.L.,5880,0.04,3,3,6
T.D.M. S.R.L.,2260,0.04,2,0,4
GOLEM.COM S.R.L.,3368,0.04,2,0,8
"F.A.R.O. FABBRICA APPARECCHIATURE RAZIONALI ODONTOIATRICHE SOCIETA' PER
AZIONI",2112,0.04,2,0,4
BEA GESTIONI SPA,4366,0.04,5,0,6
CARTARIA MONZESE S.R.L.,6359,0.04,0,0,24
PANASONIC HEATING & VENTILATION AIR CONDITIONING ITALY S.R.L.,12824,0.04,6,0,34
AUTOTORINO S.P.A.,48028,0.04,19,0,155
GOOGLE ITALY S.R.L.,2630,0.04,2,0,6
INDUSTRY BUSINESS EUROPEAN SRL,1804,0.04,2,0,4
L'ISOLANTE K-FLEX SOCIETA' PER AZIONI,7572,0.04,5,3,10
SO.FARMA.MORRA S.P.A.,5429,0.04,3,0,14
HUAWEI TECHNOLOGIES ITALIA S.R.L.,6835,0.04,2,0,26
CHEMI - S.P.A.,9111,0.04,12,0,11
SPOTTI S.R.L.,4922,0.04,6,0,6
DCG S.R.L.,2791,0.04,4,0,4
LAGOGEL S.R.L.,4503,0.04,3,0,12
GIORGIO ARMANI S.P.A.,5257,0.04,0,0,20
CITY MOTORS S.R.L.,8760,0.04,0,0,34
STMICROELECTRONICS S.R.L. (1),7873,0.04,4,0,22
MODAR S.P.A.,5239,0.04,3,3,4
IPERAL SUPERMERCATI S.P.A.,3909,0.04,6,0,4
ETRO S.P.A.,7238,0.04,0,3,18
F.I.R.M.A. ITALIA SPA,2889,0.04,2,0,8
C.I.M.A. COMPAGNIA ITALIANA MOLLE ACCIAIO S.P.A.,8120,0.04,11,0,8
PRYSMIAN CAVI E SISTEMI ITALIA S.R.L.,612029,0.04,57,60,2448
MILANOFIORI SVILUPPO S.R.L.,13699,0.04,14,3,24
JANSSEN CILAG S.P.A.,6255,0.04,2,3,14
FORMENTI & GIOVENZANA S.P.A. (1),2659,0.04,0,0,10
MEREGALLI GIUSEPPE S.P.A.,10318,0.04,6,3,16
CENTREX ITALIA S.P.A.,2809,0.04,0,0,10
NUOVA SAMIA SRL,1356,0.03,0,0,4
A.E.B. APPARECCHIATURE EROGAZIONE BEVANDE S.R.L.,607,0.03,0,0,2
MAS ELETTRODOMESTICI DA INCASSO - S.R.L.,7746,0.03,0,0,22
ANGELO ROCCA & FIGLI S.R.L.,2792,0.03,3,0,2
MOTTA S.R.L.,7132,0.03,0,0,22
GROUPE SEB ITALIA S.P.A.,6209,0.03,2,0,16
MANCINI ENTERPRISE SRL,3067,0.03,2,0,6
EURO MOTORS ITALIA SPA EMI,2981,0.03,2,0,4
DEMASTEEL S.R.L.,3072,0.03,0,0,8
ITALFARMACO S.P.A.,11929,0.03,13,0,14
EAGLEBURGMANN ITALIA S.R.L.,8899,0.03,6,0,12
COMMSCOPE ITALY S.R.L.,19521,0.03,17,3,24
COLOMBO MICHELE E FIGLI SRL,5173,0.03,2,0,14
CHATEAU D'AX S.P.A.,4298,0.03,2,0,10
LOXEAL SRL,4700,0.03,3,0,9
EVOLUTION S.R.L.,3800,0.03,0,0,10
DOMPE' FARMACEUTICI - S.P.A.,10144,0.03,0,0,32
HD STAR SRL,1919,0.03,0,0,6
ECSA ITALIA S.R.L.,4003,0.03,2,0,8
FIDIM SRL,20162,0.03,24,0,12
S.I.P. SOCIETA' ITALIANA PROTOTIPI S.R.L.,2635,0.03,2,0,4
ELETTRONICA ASTER S.P.A.,4526,0.03,3,0,7
PARA' S.P.A.,3405,0.03,3,0,3
COGI S.R.L.,1919,0.03,0,0,6
ORTEA S.P.A,4005,0.03,6,0,2
BUSCH ITALIA S.R.L.,5631,0.03,0,3,7
JACQUET NOVA SRL,8019,0.03,6,0,12
BOCCOLINI S.R.L.,3894,0.03,2,0,6
FEDERFARMA.CO DISTRIBUZIONE E SERVIZI IN FARMACIA S.P.A.,6132,0.03,2,0,12
RETIPIU' SRL,4104,0.03,3,0,8
KOLOR + SERVICE S.R.L.,3411,0.03,3,0,4
LIVING DIVANI S.R.L.,3900,0.03,3,0,6
O. ELMI SRL,3053,0.03,2,0,4
MANTOVANI S.R.L.,7373,0.03,0,0,20
GOODYEAR TIRES ITALIA - SOCIETA' PER AZIONI,41416,0.03,6,0,102
SCATOLIFICIO ANGELO GARIBOLDI SRL,2490,0.03,3,0,2
HYDAC S.P.A,7030,0.03,0,0,20
POLIPLAST SRL,3746,0.03,0,0,12
EDIL VI.SPA. S.R.L.,6181,0.03,5,0,8
GIOCHI PREZIOSI S.P.A.,6259,0.03,0,0,20
MINOTTI SPA,3058,0.03,3,0,4
CARTA STAMPA S.R.L.,2850,0.03,2,0,4
R.M.S. S.P.A.,7550,0.03,7,0,10
NUOVA ANGELO TURATI S.R.L.,5850,0.03,2,0,14
BAVELLONI S.P.A.,6002,0.03,3,0,13
ECO.SMALT S.R.L.,9934,0.03,4,0,20
FULL METALS S.R.L.,2230,0.03,0,0,6
AL.CI. S.R.L.,3024,0.03,3,0,2
TEA-CO TECNOLOGIE ELETTRICHE APPLICATE - CONCOREZZO S.P.A.,2391,0.03,2,0,4
MOLTENI & C.- S.P.A.,20027,0.03,0,0,54
EUROCHEM AGRO S.P.A.,2572,0.03,3,0,2
ZAMBON S.P.A.,4456,0.03,0,0,12
PASTIFICIO CERATI SRL,2995,0.03,2,0,4
S.I.D.EM. SPA,3213,0.03,2,0,6
AEROSPACE MATERIALS MANAGEMENT S.R.L. IN FORMA ABBREVIATA AMM S.R.L.,10717,0.03,2,0,26
CAREMOLI S.P.A.,2149,0.03,3,0,0
AROMATAGROUP S.R.L.,4210,0.03,6,0,2
SANYANG ITALIA S.R.L.,12180,0.03,6,0,20
C.M.C. ITALIA S.R.L.,2494,0.03,2,0,4
COMMERCIALE GIUSSANI S.R.L.,3964,0.03,2,0,8
EL.GA SPA,4127,0.03,6,0,2
COMDATA S.P.A.,16224,0.03,13,0,20
GTE SRL,2489,0.03,2,0,4
ETICA CAPITAL S.R.L.,3442,0.03,2,0,6
DICOMI S.R.L.,5852,0.03,2,0,16
VERNICI CALDART S.R.L.,2997,0.03,3,0,2
SALMILANO S.P.A.,1064,0.03,0,0,3
EFFEPI AUTO S.R.L.,4298,0.03,0,0,12
XIAOMI TECHNOLOGY ITALY S.R.L.,4116,0.03,4,0,4
NEXT HARDWARE & SOFTWARE S.P.A.,6480,0.03,2,0,18
RICCHI AUTO S.R.L.,6744,0.03,0,0,20
FLAMEGAL CO. SRL,1168,0.03,0,0,4
DARTON S.R.L.,4803,0.03,3,0,8
HERAEUS S.P.A.,15815,0.03,12,0,25
ARTECA S.P.A.,5747,0.03,0,0,16
ROLLON S.P.A.,12993,0.03,0,0,36
CGT EDILIZIA S.P.A.,13614,0.03,12,0,16
MARIANI FERRO S.P.A.,5807,0.03,2,0,16
FALDUTO F.LLI S.R.L.,10293,0.03,3,0,20
NPI ITALIA S.R.L.,15119,0.03,14,0,16
DOC GENERICI S.R.L. O IN FORMA ABBREVIATA DOC S.R.L.,8687,0.03,6,0,16
FAMOSA ITALIA S.R.L.,5852,0.03,2,0,14
ITALIAONLINE S.P.A.,9493,0.03,0,0,30
DELIZIA S.R.L.,2537,0.03,0,0,8
PALADINO COSTRUZIONI S.R.L.,2999,0.03,2,0,6
BESANA APPLICAZIONI PLASTICHE SRL,5729,0.03,2,0,12
CIVE SRL,6416,0.03,2,0,16
SIMPEC S.R.L. SOCIETA' IMPIANTI ECOLOGICI,3974,0.03,0,0,12
DOMETIC ITALY MARINE S.R.L.,15581,0.03,9,3,13
VICSAM SISTEMI S.R.L.,15384,0.03,5,0,31
RIPRESS S.R.L.,6025,0.03,0,0,20
TEMA PROMOTIONAL GIFTS S.R.L.,1326,0.03,0,0,4
KOS CARE S.R.L.,18036,0.03,15,0,18
KOCH-GLITSCH ITALIA S.R.L.,6341,0.03,2,0,16
AE.CAS. SRL,5326,0.03,2,0,14
TEKNOWOOL LOMBARDIA S.R.L.,5088,0.02,2,0,6
"PROGETTO A. SOCIETA' COOPERATIVA SOCIALE VALIDAMENTE SIGLABILE ANCHE
COME PROGETTO A. S.C.S.",13769,0.02,2,0,20
DMG MORI ITALIA S.R.L. IN BREVE DMI S.R.L.,4121,0.02,2,0,4
MERBAG S.P.A.,5642,0.02,0,0,12
TECNOGARDEN SERVICE SRL,4064,0.02,2,0,6
MATEST S.P.A.,948,0.02,0,0,2
O.E.G. OFFICINA ELETTROMECCANICA GOTTIFREDI S.R.L.,2595,0.02,0,0,6
DIAMETRO SRL,1742,0.02,0,0,4
ARCELORMITTAL AVELLINO E CANOSSA S.P.A.,3811,0.02,2,0,4
TECNOROBOT S.R.L.,5299,0.02,3,0,2
SIPCAM OXON S.P.A.,17814,0.02,9,0,16
NORD COMPENSATI S.R.L.,2753,0.02,3,0,0
FABAS-LUCE SPA,4115,0.02,0,0,8
PARIS TEXAS S.R.L.,22350,0.02,0,9,26
RIVOLTA CARMIGNANI S.P.A.,5347,0.02,0,0,10
BIANALISI S.P.A. *,10029,0.02,0,0,20
KOFLER SRL,2456,0.02,0,0,4
S.I.M.B.A.-S.P.A. COL SOTTOTITOLO SOCIETA' ITALIANA IMPORTAZIONE BANANE E COMMERCIO PRODOTTI OLTREMARE,10771,0.02,2,0,18
EMMI DESSERT ITALIA S.P.A.,2874,0.02,3,0,0
MEDA PHARMA S.P.A.,4295,0.02,2,0,6
A.M.INSTRUMENTS SRL,12475,0.02,9,0,12
VARIATI S.P.A.,11233,0.02,6,0,14
STELLA SRL,2950,0.02,0,0,6
SAFETY S.P.A.,4605,0.02,2,0,4
FM COMPANY S.R.L.,2155,0.02,0,0,4
CAMBIELLI S.P.A.,3780,0.02,3,0,0
CSEL CONSORZIO - SOCIETA' COOPERATIVA SOCIALE,4891,0.02,2,0,6
YARA ITALIA S.P.A.,20352,0.02,17,0,14
AGRI BRIANZA S.R.L.,5437,0.02,0,0,10
START ITALIANA S.R.L.,1987,0.02,0,0,4
IPER MONTEBELLO S.P.A.,4248,0.02,2,0,6
EUROPRODOTTI S.P.A.,7687,0.02,0,0,12
G.P. CAR S.R.L.,7887,0.02,0,0,14
WORKMEC S.P.A.,4237,0.02,0,0,7
"""LINDE MATERIAL HANDLING ITALIA S.P.A.""",9139,0.02,5,0,10
BIOGEN ITALIA S.R.L.,8113,0.02,9,0,2
EUROMOTORI S.R.L.,1263,0.02,0,0,2
"CIERREFFE LOMBARDIA S.R.L. SIGLABILE C.R.F. LOMBARDIA S.R.L. O CRF LOMBARDIA
S.R.L.",4597,0.02,2,0,4
CAVAUTO S.R.L.,15770,0.02,0,0,28
RALCO S.R.L.,4828,0.02,0,0,8
COPRIMA S.R.L.,3620,0.02,3,0,0
BARRA COSTRUZIONI S.R.L.,68213,0.02,8,12,58
HUMANGEST S.P.A.,7732,0.02,0,0,12
KING GESTIONI ALBERGHIERE S.P.A.,7859,0.02,5,0,4
PEPPERL + FUCHS FA ITALIA S.R.L.,7750,0.02,5,0,8
CLEAF SPA,3685,0.02,3,0,2
EG S.P.A.,139269,0.02,79,12,68
OBI ITALIA S.R.L.,7780,0.02,0,0,16
BISCOTTI GULLON S.R.L.,5284,0.02,2,0,4
IMPRESA EDILE STRADALE ARTIFONI S.P.A.,11311,0.02,2,0,22
G.M. INTERNATIONAL S.R.L.,4081,0.02,0,0,8
FLOU SPA,3312,0.02,3,0,0
COMESTERO SISTEMI S.R.L.,6223,0.02,0,0,14
SAN.ECO.VIT. S.R.L.,4483,0.02,3,0,4
DAYTONA S.R.L.,4170,0.02,0,0,8
ECOGENIA S.R.L.,10261,0.02,7,0,8
MESSA T. S.P.A.,11495,0.02,0,0,24
IVM CHEMICALS S.R.L.,1738,0.02,0,0,4
ELMAG S.P.A.,5614,0.02,0,0,10
FOMAS HOP S.P.A.,26639,0.02,6,0,44
FOMAS S.P.A.,16813,0.02,6,0,21
AUTONOVARA S.R.L.,17834,0.02,0,0,42
COMPRORO S.R.L.,2132,0.02,0,0,4
QUANTUMCORRUGATED S.R.L.,6988,0.02,6,0,2
UPONOR S.R.L.,2455,0.02,0,0,4
CENTRO CALOR S.R.L.,2761,0.02,0,0,6
NOVA S.R.L.,5844,0.02,0,0,13
ALIMENTARI RADICE S.R.L.,4496,0.02,0,0,8
BOLDROCCHI SRL,4138,0.02,3,0,2
CHATEAUFORM ITALIA S.R.L.,3122,0.02,3,0,0
DHL EXPRESS (ITALY) S.R.L.,1037,0.02,0,0,2
QUATTROBI S.R.L.,4110,0.02,0,0,8
THE LEVEL GROUP S.R.L.,3674,0.02,0,0,8
A.C.E. SRL,2650,0.02,0,0,4
TITALIA S.P.A.,4812,0.02,0,0,8
ETJCA S.P.A.,11664,0.02,0,0,18
B&B ITALIA S.P.A.,31953,0.02,18,0,18
FPZ S.P.A.,2433,0.02,0,0,4
DP DENT S.R.L.,15502,0.02,2,0,32
COEL DISTRIBUTION SRL,6416,0.02,2,0,6
INGRAM MICRO S.R.L.,2187,0.02,2,0,0
AMBIENTE ENERGIA BRIANZA SOCIETA' PER AZIONI,29439,0.02,18,0,34
COMBUSTIBILI CEREDA S.R.L.,10033,0.02,0,0,16
MECONDOR- S.P.A.,1240,0.02,0,0,2
FINELEX SOCIETA' CONSORTILE PER AZIONI,4404,0.02,2,0,6
G. VILLA S.R.L.,18428,0.01,3,0,6
ACINQUE S.P.A.,282006,0.01,44,24,140
RISTOPIU' LOMBARDIA SPA,11813,0.01,0,0,8
ABC SISTEM S.R.L.,2284,0.01,0,0,2
CIPIEMME SRL,2287,0.01,0,0,2
REDMOTO S.R.L.,2545,0.01,0,0,2
ARZUFFI S.R.L.,3602,0.01,0,0,4
FORGE NICROMO S.P.A.,2579,0.01,0,0,2
RENTAL PLUS SRL,6561,0.01,0,0,8
VINAVIL SPA,11155,0.01,3,0,10
DIOTTI.COM S.R.L.,12716,0.01,0,0,10
T.S.A. S.R.L.,3533,0.01,2,0,0
DONATI S.R.L.,24201,0.01,9,0,2
SERVOTECNICA S.P.A.,11113,0.01,0,0,8
F.LLI NOVARA S.R.L.,10125,0.01,0,0,14
BRIANZATENDE S.R.L.,6884,0.01,0,0,4
COOP CONSORZIO NORD OVEST SOC. CONSORTILE A R.L.,141128,0.01,21,21,102
ALBRICCI S.R.L.,2287,0.01,0,0,2
ASTALEGALE.NET S.P.A.,8495,0.01,0,0,12
WERKCAM S.R.L.,3112,0.01,0,0,2
CORDEN PHARMA S.P.A.,5209,0.01,0,0,6
CALVI HOLDING S.P.A.,1431,0.01,0,0,2
DELTA 2000 S.R.L.,3983,0.01,0,0,4
POWER LINE S.R.L.,1847,0.01,0,0,2
KOLLMORGEN S.R.L.,18172,0.01,3,0,20
UNES MAXI S.P.A.,199257,0.01,6,36,172
KINGMEDA S.R.L.,5625,0.01,0,0,8
SACS TECNORIB S.P.A.,1938,0.01,0,0,2
AHSI S.P.A.,4358,0.01,0,0,6
PASSONI PAOLO E FIGLI S.R.L.,3352,0.01,0,0,4
DOLCIARIA NEGRI SRL,12322,0.01,2,0,10
NASTROFER S.P.A.,13248,0.01,2,0,12
EXHIBO S.P.A.,3783,0.01,0,0,4
FRIESLANDCAMPINA ITALY S.R.L.,2534,0.01,0,0,2
EMME TECHNOLOGY S.R.L.,3687,0.01,0,0,2
WIND TRE S.P.A.,256514,0.01,26,27,134
OMG S.R.L.,2076,0.01,0,0,2
VECO S.P.A.,3704,0.01,0,0,4
FARMA.CO.M. S.P.A. FARMACIE COMUNALI MONZA S.P.A.,14099,0.01,0,0,18
VIMERCATI SRL,3952,0.01,0,0,5
B.S.M. SRL,5621,0.01,0,0,4
GITRE S.R.L.,3080,0.01,0,0,4
SACMA LIMBIATE S.P.A.,5577,0.01,3,0,2
HOME FRAGRANCE ITALIA S.R.L.,7664,0.01,2,0,6
CESAPLAST SPA,6871,0.01,0,0,8
HAFELE ITALIA S.R.L.,2319,0.01,0,0,2
EXYTE ITALY S.R.L.,6876,0.01,0,0,6
MONTRASIO ITALIA S.R.L.,2729,0.01,0,0,2
REYS S.P.A,4487,0.01,0,0,4
TRAGNI S.R.L.,2819,0.01,0,0,2
EMIFLEX S.P.A.,8508,0.01,0,0,10
OR.S.A. SOCIETA' COOPERATIVA SOCIALE,13117,0.01,0,0,16
LA MERIDIANA SOCIETA' COOPERATIVA SOCIALE,3123,0.01,0,0,4
EUROPERF S.R.L.,4629,0.01,0,0,5
COVI S.R.L.,1941,0.01,0,0,2
SAIVER S.R.L.,2994,0.01,0,0,4
FURIA CUSCINI S.P.A.,2063,0.01,0,0,2
LARA COMPENSATI S.R.L.,2514,0.01,0,0,2
DUERR DENTAL ITALIA S.R.L.,3882,0.01,0,0,2
PEPPERL + FUCHS S.R.L.,6297,0.01,0,0,6
INTERNI S.P.A.,10535,0.01,3,0,2
I.R.A. ISTITUTO RICERCHE APPLICATE S.P.A.,3171,0.01,0,0,4
S.I.L.F.A. SOCIETA' IMBALLAGGI LATTA FUSTI ACCIAIO - S.R.L.,1874,0.01,0,0,2
BAXTER S.R.L.,6076,0.01,3,0,0
SUISSE NUTRAINGREDIENTS S.R.L.,1823,0.01,0,0,2
REMARKET S.P.A.,15286,0.01,2,0,18
CONDUCTIX- WAMPFLER S.R.L.,6837,0.01,0,0,10
ZANOTTA S.P.A.,7481,0.01,3,0,0
SYSTEMA S.R.L.,6409,0.01,0,0,4
MOONS' INDUSTRIES EUROPE HEAD QUARTER SRL,3129,0.01,0,0,2
MACPLAST S.P.A.,1622,0.01,0,0,2
EPIS & C. S.R.L.,12810,0.01,2,0,8
DP VISION S.R.L.,3328,0.01,0,0,2
G2 PORTE E FINESTRE S.R.L.,3540,0.01,0,0,2
OPTOPRIM S.R.L.,4542,0.01,0,0,4
HP ITALY S.R.L.,5447,0.01,0,0,8
GRUPPO MILLEPIANI S.P.A.,5652,0.01,0,0,6
ICROM S.R.L.,3390,0.01,0,0,2
AUTOGHINZANI BERGAMO SRL,1863,0.01,0,0,2
PAOLA LENTI S.R.L.,4652,0.01,3,0,0
GRUPPO ALFAGOMMA (1),4793,0.01,0,0,4
COOP LOMBARDIA SOCIETA' COOPERATIVA,682019,0.01,15,72,336
MURRELEKTRONIK SRL,5100,0.01,3,0,0
GIORGIO COLLECTION S.R.L.,2991,0.0,0,0,0
ECOLAB HOLDING ITALY S.R.L.,0,0.0,0,0,0
RESTAURA S.R.L.,2470,0.0,0,0,0
INOXIHP S.R.L.,2016,0.0,0,0,0
INDUSTRIA BRIANTEA FERRAMENTA MINUTERIE DI FUMAGALLI SRL,1328,0.0,0,0,0
REFECTIO S.R.L.,1434,0.0,0,0,0
TECNOFIRMA SPA,2297,0.0,0,0,0
CANALPLAST S.P.A.,170,0.0,0,0,0
I.P.A.S. INDUSTRIA PRODUZIONI ALIMENTARI E SEMILAVORATI S.R.L.,5192,0.0,0,0,2
VALLMAR S.R.L.,6824,0.0,0,0,0
CRI ENERBILITY S.R.L.,1604,0.0,0,0,0
IMS S.P.A.,2125,0.0,0,0,0
A.P.S. AROSIO S.P.A.,2119,0.0,0,0,0
COSMO HOTEL S.P.A.,2950,0.0,0,0,0
NTI-NKE S.P.A.,780,0.0,0,0,0
SHELL ENERGY ITALIA S.R.L.,31,0.0,0,0,0
GAIA S.R.L.,4477,0.0,0,0,0
CERAMICHE FRATTINI SRL,748,0.0,0,0,0
CAR STUDIO S.R.L.,2234,0.0,0,0,0
LOUIS VUITTON ITALIA S.R.L.,0,0.0,0,0,0
CENTRO CARAVANS BARASSI S.R.L.,170,0.0,0,0,0
AVICEL S.R.L.,1582,0.0,0,0,0
COENERGIA S.R.L.,4464,0.0,0,0,2
3M ITALIA S.R.L.,0,0.0,0,0,0
FILO BIANCO S.R.L.,3717,0.0,0,0,0
LONGHI S.P.A.,9800,0.0,0,0,4
BRUNO PRESEZZI S.P.A.,2273,0.0,0,0,0
OPIS S.R.L. (1) *,7742,0.0,0,0,0
MONGUZZI S.R.L.,9072,0.0,0,0,4
I.M.V. PRESSE S.R.L.,1979,0.0,0,0,0
BRIVIO & VIGANO' LOGISTICS S.R.L.,0,0.0,0,0,0
DIMAC RED S.P.A.,4420,0.0,0,0,2
CASELLA SPA,4199,0.0,0,0,2
IMPRESA EDILE MARIANI S.R.L.,0,0.0,0,0,0
TERNO SCORREVOLI S.P.A.,2742,0.0,0,0,0
VANTA S.R.L.,1943,0.0,0,0,0
F.LLI VILLA S.R.L.,1187,0.0,0,0,0
CAUVIN METALS S.R.L.,1236,0.0,0,0,0
APTACA S.P.A.,102,0.0,0,0,0
DELP ITALIA SRL,2134,0.0,0,0,0
AGORA' NETWORK SOCIETA' CONSORTILE A R.L.,453,0.0,0,0,0
VERZOLLA S.R.L.,9716,0.0,0,0,0
ADITINET CONSULTING SPA,5032,0.0,0,0,2
FRASCOLLA S.R.L.,2145,0.0,0,0,0
MODITECH S.R.L.,2538,0.0,0,0,0
AMBROGIO MORO S.P.A. **,761,0.0,0,0,0
SELI MANUTENZIONI GENERALI S.R.L.,698,0.0,0,0,0
SG S.P.A.,3319,0.0,0,0,0
PERI S.R.L.,6142,0.0,0,0,2
FINE FOOD GROUP S.P.A.,4068,0.0,0,0,0
H.T. HIGH TECHNOLOGY S.R.L.,6307,0.0,0,0,2
MAGIC M.P. - S.P.A.,0,0.0,0,0,0
KSA ITALIA SRL,1503,0.0,0,0,0
MARTE SPA,0,0.0,0,0,0
ELCAM -S.R.L.,662,0.0,0,0,0
KCS CAREGIVER COOPERATIVA SOCIALE,1917,0.0,0,0,0
EDILVIT SRL,3042,0.0,0,0,0
OMP MECHTRON S.R.L.,3981,0.0,0,0,0
MERIDIANI S.R.L.,4016,0.0,0,0,0
TAGLIABUE GOMME GROSS S.R.L.,1365,0.0,0,0,0
EFFEBIQUATTRO S.P.A.,2672,0.0,0,0,0
DANA FLUID POWER DISTRIBUTION S.R.L.,3116,0.0,0,0,0
INTERSTEEL SRL,3790,0.0,0,0,0
ABB E-MOBILITY S.P.A.,0,0.0,0,0,0
HILTI ITALIA S.P.A.,1840,0.0,0,0,0
AZ PNEUMATICA SRL,55,0.0,0,0,0
DATAMATIC S.P.A.,4905,0.0,0,0,0
IPEA S.R.L.,3740,0.0,0,0,0
CROSS POINT - S.R.L.,3466,0.0,0,0,0
HOSES TECHNOLOGY S.P.A.,5141,0.0,0,0,0
TAMOIL ITALIA S.P.A.,170,0.0,0,0,0
R. & C. TERMOIDRAULICA S.R.L.,1145,0.0,0,0,0
CORIGES SRL,2169,0.0,0,0,0
CAL S.R.L.,1875,0.0,0,0,0
GRICAR CHEMICAL S.R.L.,10749,0.0,0,0,4
TECNOLAB S.R.L.,3102,0.0,0,0,0
LEROY MERLIN ITALIA S.R.L.,5,0.0,0,0,0
SPRINT ENERGY SRL,4400,0.0,0,0,0
HEWLETT-PACKARD ITALIANA S.R.L.,2694,0.0,0,0,0
ECO STORE SRL,26795,0.0,0,0,12
TERMOMARKET S.R.L.,5287,0.0,0,0,0
TEAFLEX S.P.A.,4438,0.0,0,0,2
DI.R.EL. SRL,2617,0.0,0,0,0
DANCO S.P.A.,5347,0.0,0,0,0
